date,sunrise,sunset,length,diff,solar_noon,mil_miles,year
2015-06-01,5:27 am,8:20 pm,14:53:32,+1:12,12:53 pm,94.257,2015
2015-06-02,5:26 am,8:21 pm,14:54:41,+1:08,12:54 pm,94.271,2015
2015-06-03,5:26 am,8:22 pm,14:55:47,+1:05,12:54 pm,94.285,2015
2015-06-04,5:26 am,8:22 pm,14:56:49,+1:02,12:54 pm,94.299,2015
2015-06-05,5:25 am,8:23 pm,14:57:48,+0:59,12:54 pm,94.312,2015
2015-06-06,5:25 am,8:24 pm,14:58:44,+0:55,12:54 pm,94.325,2015
2015-06-07,5:25 am,8:24 pm,14:59:36,+0:52,12:54 pm,94.338,2015
2015-06-08,5:24 am,8:25 pm,15:00:25,+0:49,12:55 pm,94.35,2015
2015-06-09,5:24 am,8:25 pm,15:01:11,+0:45,12:55 pm,94.362,2015
2015-06-10,5:24 am,8:26 pm,15:01:53,+0:42,12:55 pm,94.374,2015
2015-06-11,5:24 am,8:27 pm,15:02:31,+0:38,12:55 pm,94.385,2015
2015-06-12,5:24 am,8:27 pm,15:03:06,+0:34,12:55 pm,94.396,2015
2015-06-13,5:24 am,8:27 pm,15:03:38,+0:31,12:56 pm,94.406,2015
2015-06-14,5:24 am,8:28 pm,15:04:05,+0:27,12:56 pm,94.415,2015
2015-06-15,5:24 am,8:28 pm,15:04:29,+0:24,12:56 pm,94.424,2015
2015-06-16,5:24 am,8:29 pm,15:04:50,+0:20,12:56 pm,94.433,2015
2015-06-17,5:24 am,8:29 pm,15:05:06,+0:16,12:56 pm,94.441,2015
2015-06-18,5:24 am,8:29 pm,15:05:19,+0:12,12:57 pm,94.448,2015
2015-06-19,5:24 am,8:30 pm,15:05:28,+0:09,12:57 pm,94.455,2015
2015-06-20,5:24 am,8:30 pm,15:05:34,+0:05,12:57 pm,94.462,2015
2015-06-21,5:25 am,8:30 pm,15:05:36,+0:01,12:57 pm,94.467,2015
2015-06-22,5:25 am,8:30 pm,15:05:34,−0:01,12:58 pm,94.473,2015
2015-06-23,5:25 am,8:30 pm,15:05:28,−0:05,12:58 pm,94.478,2015
2015-06-24,5:25 am,8:31 pm,15:05:19,−0:09,12:58 pm,94.482,2015
2015-06-25,5:26 am,8:31 pm,15:05:06,−0:13,12:58 pm,94.486,2015
2015-06-26,5:26 am,8:31 pm,15:04:49,−0:16,12:58 pm,94.49,2015
2015-06-27,5:26 am,8:31 pm,15:04:28,−0:20,12:59 pm,94.493,2015
2015-06-28,5:27 am,8:31 pm,15:04:04,−0:24,12:59 pm,94.496,2015
2015-06-29,5:27 am,8:31 pm,15:03:37,−0:27,12:59 pm,94.498,2015
2015-06-30,5:28 am,8:31 pm,15:03:04,−0:32,12:59 pm,94.5,2015
2015-07-01,5:28 am,8:31 pm,15:02:30,−0:33,12:59 pm,94.502,2015
2015-07-02,5:29 am,8:30 pm,15:01:52,−0:38,1:00 pm,94.504,2015
2015-07-03,5:29 am,8:30 pm,15:01:10,−0:41,1:00 pm,94.505,2015
2015-07-04,5:30 am,8:30 pm,15:00:25,−0:45,1:00 pm,94.506,2015
2015-07-05,5:30 am,8:30 pm,14:59:36,−0:48,1:00 pm,94.506,2015
2015-07-06,5:31 am,8:30 pm,14:58:43,−0:52,1:00 pm,94.507,2015
2015-07-07,5:31 am,8:29 pm,14:57:48,−0:55,1:00 pm,94.506,2015
2015-07-08,5:32 am,8:29 pm,14:56:49,−0:58,1:01 pm,94.506,2015
2015-07-09,5:33 am,8:28 pm,14:55:47,−1:02,1:01 pm,94.505,2015
2015-07-10,5:33 am,8:28 pm,14:54:41,−1:05,1:01 pm,94.503,2015
2015-07-11,5:34 am,8:28 pm,14:53:33,−1:08,1:01 pm,94.501,2015
2015-07-12,5:35 am,8:27 pm,14:52:21,−1:11,1:01 pm,94.499,2015
2015-07-13,5:36 am,8:27 pm,14:51:06,−1:14,1:01 pm,94.496,2015
2015-07-14,5:36 am,8:26 pm,14:49:49,−1:17,1:01 pm,94.492,2015
2015-07-15,5:37 am,8:26 pm,14:48:28,−1:20,1:02 pm,94.488,2015
2015-07-16,5:38 am,8:25 pm,14:47:04,−1:23,1:02 pm,94.483,2015
2015-07-17,5:39 am,8:24 pm,14:45:38,−1:26,1:02 pm,94.478,2015
2015-07-18,5:39 am,8:24 pm,14:44:09,−1:29,1:02 pm,94.472,2015
2015-07-19,5:40 am,8:23 pm,14:42:37,−1:31,1:02 pm,94.466,2015
2015-07-20,5:41 am,8:22 pm,14:41:03,−1:34,1:02 pm,94.459,2015
2015-07-21,5:42 am,8:21 pm,14:39:26,−1:36,1:02 pm,94.452,2015
2015-07-22,5:43 am,8:21 pm,14:37:46,−1:39,1:02 pm,94.444,2015
2015-07-23,5:44 am,8:20 pm,14:36:05,−1:41,1:02 pm,94.435,2015
2015-07-24,5:45 am,8:19 pm,14:34:20,−1:44,1:02 pm,94.427,2015
2015-07-25,5:46 am,8:18 pm,14:32:34,−1:46,1:02 pm,94.418,2015
2015-07-26,5:46 am,8:17 pm,14:30:45,−1:48,1:02 pm,94.408,2015
2015-07-27,5:47 am,8:16 pm,14:28:54,−1:50,1:02 pm,94.398,2015
2015-07-28,5:48 am,8:15 pm,14:27:01,−1:53,1:02 pm,94.388,2015
2015-07-29,5:49 am,8:14 pm,14:25:06,−1:55,1:02 pm,94.377,2015
2015-07-30,5:50 am,8:13 pm,14:23:09,−1:57,1:02 pm,94.366,2015
2015-07-31,5:51 am,8:12 pm,14:21:10,−1:59,1:02 pm,94.355,2015
2015-08-01,5:52 am,8:11 pm,14:19:09,−2:00,1:02 pm,94.344,2015
2015-08-02,5:53 am,8:10 pm,14:17:06,−2:02,1:02 pm,94.332,2015
2015-08-03,5:54 am,8:09 pm,14:15:01,−2:04,1:02 pm,94.321,2015
2015-08-04,5:55 am,8:08 pm,14:12:55,−2:06,1:02 pm,94.308,2015
2015-08-05,5:56 am,8:07 pm,14:10:47,−2:07,1:02 pm,94.296,2015
2015-08-06,5:57 am,8:05 pm,14:08:38,−2:09,1:01 pm,94.283,2015
2015-08-07,5:58 am,8:04 pm,14:06:27,−2:11,1:01 pm,94.27,2015
2015-08-08,5:59 am,8:03 pm,14:04:14,−2:12,1:01 pm,94.256,2015
2015-08-09,6:00 am,8:02 pm,14:02:00,−2:13,1:01 pm,94.242,2015
2015-08-10,6:01 am,8:00 pm,13:59:45,−2:15,1:01 pm,94.228,2015
2015-08-11,6:02 am,7:59 pm,13:57:28,−2:16,1:01 pm,94.213,2015
2015-08-12,6:03 am,7:58 pm,13:55:10,−2:17,1:01 pm,94.197,2015
2015-08-13,6:04 am,7:57 pm,13:52:51,−2:19,1:00 pm,94.181,2015
2015-08-14,6:05 am,7:55 pm,13:50:31,−2:20,1:00 pm,94.165,2015
2015-08-15,6:06 am,7:54 pm,13:48:09,−2:21,1:00 pm,94.148,2015
2015-08-16,6:07 am,7:52 pm,13:45:46,−2:22,1:00 pm,94.131,2015
2015-08-17,6:08 am,7:51 pm,13:43:23,−2:23,1:00 pm,94.113,2015
2015-08-18,6:09 am,7:50 pm,13:40:58,−2:24,12:59 pm,94.095,2015
2015-08-19,6:10 am,7:48 pm,13:38:33,−2:25,12:59 pm,94.077,2015
2015-08-20,6:11 am,7:47 pm,13:36:06,−2:26,12:59 pm,94.058,2015
2015-08-21,6:12 am,7:45 pm,13:33:39,−2:27,12:59 pm,94.038,2015
2015-08-22,6:13 am,7:44 pm,13:31:10,−2:28,12:58 pm,94.019,2015
2015-08-23,6:13 am,7:42 pm,13:28:41,−2:29,12:58 pm,93.999,2015
2015-08-24,6:14 am,7:41 pm,13:26:11,−2:29,12:58 pm,93.978,2015
2015-08-25,6:15 am,7:39 pm,13:23:41,−2:30,12:58 pm,93.958,2015
2015-08-26,6:16 am,7:38 pm,13:21:10,−2:31,12:57 pm,93.937,2015
2015-08-27,6:17 am,7:36 pm,13:18:38,−2:31,12:57 pm,93.916,2015
2015-08-28,6:18 am,7:34 pm,13:16:05,−2:32,12:57 pm,93.895,2015
2015-08-29,6:19 am,7:33 pm,13:13:32,−2:33,12:56 pm,93.874,2015
2015-08-30,6:20 am,7:31 pm,13:10:58,−2:33,12:56 pm,93.852,2015
2015-08-31,6:21 am,7:30 pm,13:08:24,−2:34,12:56 pm,93.831,2015
2015-09-01,6:22 am,7:28 pm,13:05:49,−2:34,12:56 pm,93.809,2015
2015-09-02,6:23 am,7:27 pm,13:03:14,−2:35,12:55 pm,93.788,2015
2015-09-03,6:24 am,7:25 pm,13:00:38,−2:35,12:55 pm,93.766,2015
2015-09-04,6:25 am,7:23 pm,12:58:02,−2:36,12:55 pm,93.744,2015
2015-09-05,6:26 am,7:22 pm,12:55:25,−2:36,12:54 pm,93.721,2015
2015-09-06,6:27 am,7:20 pm,12:52:48,−2:37,12:54 pm,93.699,2015
2015-09-07,6:28 am,7:18 pm,12:50:10,−2:37,12:54 pm,93.676,2015
2015-09-08,6:29 am,7:17 pm,12:47:33,−2:37,12:53 pm,93.653,2015
2015-09-09,6:30 am,7:15 pm,12:44:54,−2:38,12:53 pm,93.629,2015
2015-09-10,6:31 am,7:13 pm,12:42:16,−2:38,12:53 pm,93.606,2015
2015-09-11,6:32 am,7:12 pm,12:39:37,−2:38,12:52 pm,93.582,2015
2015-09-12,6:33 am,7:10 pm,12:36:58,−2:39,12:52 pm,93.557,2015
2015-09-13,6:34 am,7:08 pm,12:34:19,−2:39,12:51 pm,93.533,2015
2015-09-14,6:35 am,7:07 pm,12:31:39,−2:39,12:51 pm,93.508,2015
2015-09-15,6:36 am,7:05 pm,12:29:00,−2:39,12:51 pm,93.483,2015
2015-09-16,6:37 am,7:03 pm,12:26:20,−2:39,12:50 pm,93.458,2015
2015-09-17,6:38 am,7:02 pm,12:23:40,−2:40,12:50 pm,93.432,2015
2015-09-18,6:39 am,7:00 pm,12:21:00,−2:40,12:50 pm,93.406,2015
2015-09-19,6:40 am,6:58 pm,12:18:19,−2:40,12:49 pm,93.38,2015
2015-09-20,6:41 am,6:56 pm,12:15:39,−2:40,12:49 pm,93.354,2015
2015-09-21,6:42 am,6:55 pm,12:12:59,−2:40,12:49 pm,93.327,2015
2015-09-22,6:43 am,6:53 pm,12:10:18,−2:40,12:48 pm,93.301,2015
2015-09-23,6:44 am,6:51 pm,12:07:38,−2:40,12:48 pm,93.274,2015
2015-09-24,6:45 am,6:50 pm,12:04:57,−2:40,12:48 pm,93.248,2015
2015-09-25,6:46 am,6:48 pm,12:02:16,−2:40,12:47 pm,93.221,2015
2015-09-26,6:47 am,6:46 pm,11:59:36,−2:40,12:47 pm,93.195,2015
2015-09-27,6:48 am,6:45 pm,11:56:55,−2:40,12:47 pm,93.168,2015
2015-09-28,6:49 am,6:43 pm,11:54:15,−2:40,12:46 pm,93.142,2015
2015-09-29,6:50 am,6:41 pm,11:51:34,−2:40,12:46 pm,93.115,2015
2015-09-30,6:51 am,6:40 pm,11:48:54,−2:40,12:46 pm,93.089,2015
2016-06-01,5:26 am,8:21 pm,14:54:24,+1:09,12:53 pm,94.276,2016
2016-06-02,5:26 am,8:22 pm,14:55:31,+1:06,12:54 pm,94.29,2016
2016-06-03,5:26 am,8:22 pm,14:56:34,+1:03,12:54 pm,94.303,2016
2016-06-04,5:25 am,8:23 pm,14:57:34,+0:59,12:54 pm,94.317,2016
2016-06-05,5:25 am,8:24 pm,14:58:31,+0:56,12:54 pm,94.329,2016
2016-06-06,5:25 am,8:24 pm,14:59:24,+0:53,12:54 pm,94.341,2016
2016-06-07,5:25 am,8:25 pm,15:00:14,+0:49,12:55 pm,94.353,2016
2016-06-08,5:24 am,8:25 pm,15:01:00,+0:46,12:55 pm,94.364,2016
2016-06-09,5:24 am,8:26 pm,15:01:43,+0:42,12:55 pm,94.375,2016
2016-06-10,5:24 am,8:26 pm,15:02:22,+0:39,12:55 pm,94.385,2016
2016-06-11,5:24 am,8:27 pm,15:02:58,+0:35,12:55 pm,94.394,2016
2016-06-12,5:24 am,8:27 pm,15:03:30,+0:32,12:56 pm,94.403,2016
2016-06-13,5:24 am,8:28 pm,15:03:59,+0:28,12:56 pm,94.412,2016
2016-06-14,5:24 am,8:28 pm,15:04:24,+0:24,12:56 pm,94.421,2016
2016-06-15,5:24 am,8:29 pm,15:04:45,+0:21,12:56 pm,94.429,2016
2016-06-16,5:24 am,8:29 pm,15:05:03,+0:17,12:56 pm,94.436,2016
2016-06-17,5:24 am,8:29 pm,15:05:16,+0:13,12:57 pm,94.444,2016
2016-06-18,5:24 am,8:30 pm,15:05:27,+0:10,12:57 pm,94.451,2016
2016-06-19,5:24 am,8:30 pm,15:05:33,+0:06,12:57 pm,94.457,2016
2016-06-20,5:24 am,8:30 pm,15:05:36,+0:02,12:57 pm,94.464,2016
2016-06-21,5:25 am,8:30 pm,15:05:35,−0:01,12:57 pm,94.47,2016
2016-06-22,5:25 am,8:30 pm,15:05:30,−0:04,12:58 pm,94.476,2016
2016-06-23,5:25 am,8:31 pm,15:05:21,−0:08,12:58 pm,94.481,2016
2016-06-24,5:25 am,8:31 pm,15:05:09,−0:12,12:58 pm,94.486,2016
2016-06-25,5:26 am,8:31 pm,15:04:53,−0:15,12:58 pm,94.491,2016
2016-06-26,5:26 am,8:31 pm,15:04:34,−0:19,12:59 pm,94.495,2016
2016-06-27,5:27 am,8:31 pm,15:04:11,−0:23,12:59 pm,94.499,2016
2016-06-28,5:27 am,8:31 pm,15:03:44,−0:26,12:59 pm,94.503,2016
2016-06-29,5:27 am,8:31 pm,15:03:13,−0:30,12:59 pm,94.506,2016
2016-06-30,5:28 am,8:31 pm,15:02:39,−0:34,12:59 pm,94.508,2016
2016-07-01,5:28 am,8:30 pm,15:02:02,−0:37,1:00 pm,94.51,2016
2016-07-02,5:29 am,8:30 pm,15:01:21,−0:41,1:00 pm,94.512,2016
2016-07-03,5:29 am,8:30 pm,15:00:36,−0:44,1:00 pm,94.513,2016
2016-07-04,5:30 am,8:30 pm,14:59:48,−0:48,1:00 pm,94.513,2016
2016-07-05,5:31 am,8:30 pm,14:58:56,−0:51,1:00 pm,94.513,2016
2016-07-06,5:31 am,8:29 pm,14:58:02,−0:54,1:00 pm,94.512,2016
2016-07-07,5:32 am,8:29 pm,14:57:03,−0:58,1:01 pm,94.51,2016
2016-07-08,5:33 am,8:29 pm,14:56:02,−1:01,1:01 pm,94.508,2016
2016-07-09,5:33 am,8:28 pm,14:54:57,−1:04,1:01 pm,94.506,2016
2016-07-10,5:34 am,8:28 pm,14:53:50,−1:07,1:01 pm,94.503,2016
2016-07-11,5:35 am,8:27 pm,14:52:39,−1:10,1:01 pm,94.499,2016
2016-07-12,5:35 am,8:27 pm,14:51:25,−1:13,1:01 pm,94.495,2016
2016-07-13,5:36 am,8:26 pm,14:50:08,−1:16,1:01 pm,94.491,2016
2016-07-14,5:37 am,8:26 pm,14:48:48,−1:19,1:01 pm,94.486,2016
2016-07-15,5:38 am,8:25 pm,14:47:25,−1:22,1:02 pm,94.481,2016
2016-07-16,5:38 am,8:24 pm,14:46:00,−1:25,1:02 pm,94.476,2016
2016-07-17,5:39 am,8:24 pm,14:44:31,−1:28,1:02 pm,94.47,2016
2016-07-18,5:40 am,8:23 pm,14:43:00,−1:31,1:02 pm,94.464,2016
2016-07-19,5:41 am,8:22 pm,14:41:26,−1:33,1:02 pm,94.457,2016
2016-07-20,5:42 am,8:22 pm,14:39:50,−1:36,1:02 pm,94.45,2016
2016-07-21,5:43 am,8:21 pm,14:38:11,−1:38,1:02 pm,94.443,2016
2016-07-22,5:43 am,8:20 pm,14:36:30,−1:41,1:02 pm,94.436,2016
2016-07-23,5:44 am,8:19 pm,14:34:47,−1:43,1:02 pm,94.428,2016
2016-07-24,5:45 am,8:18 pm,14:33:01,−1:45,1:02 pm,94.42,2016
2016-07-25,5:46 am,8:17 pm,14:31:12,−1:48,1:02 pm,94.412,2016
2016-07-26,5:47 am,8:16 pm,14:29:22,−1:50,1:02 pm,94.403,2016
2016-07-27,5:48 am,8:15 pm,14:27:29,−1:52,1:02 pm,94.394,2016
2016-07-28,5:49 am,8:15 pm,14:25:35,−1:54,1:02 pm,94.384,2016
2016-07-29,5:50 am,8:14 pm,14:23:38,−1:56,1:02 pm,94.374,2016
2016-07-30,5:51 am,8:12 pm,14:21:39,−1:58,1:02 pm,94.364,2016
2016-07-31,5:52 am,8:11 pm,14:19:39,−2:00,1:02 pm,94.353,2016
2016-08-01,5:53 am,8:10 pm,14:17:36,−2:02,1:02 pm,94.341,2016
2016-08-02,5:54 am,8:09 pm,14:15:32,−2:04,1:02 pm,94.329,2016
2016-08-03,5:55 am,8:08 pm,14:13:26,−2:05,1:02 pm,94.316,2016
2016-08-04,5:56 am,8:07 pm,14:11:19,−2:07,1:02 pm,94.303,2016
2016-08-05,5:57 am,8:06 pm,14:09:10,−2:09,1:01 pm,94.29,2016
2016-08-06,5:58 am,8:05 pm,14:06:59,−2:10,1:01 pm,94.275,2016
2016-08-07,5:59 am,8:03 pm,14:04:47,−2:12,1:01 pm,94.261,2016
2016-08-08,5:59 am,8:02 pm,14:02:33,−2:13,1:01 pm,94.246,2016
2016-08-09,6:00 am,8:01 pm,14:00:18,−2:15,1:01 pm,94.23,2016
2016-08-10,6:01 am,7:59 pm,13:58:02,−2:16,1:01 pm,94.214,2016
2016-08-11,6:02 am,7:58 pm,13:55:44,−2:17,1:01 pm,94.198,2016
2016-08-12,6:03 am,7:57 pm,13:53:25,−2:18,1:00 pm,94.181,2016
2016-08-13,6:04 am,7:55 pm,13:51:05,−2:20,1:00 pm,94.165,2016
2016-08-14,6:05 am,7:54 pm,13:48:44,−2:21,1:00 pm,94.147,2016
2016-08-15,6:06 am,7:53 pm,13:46:22,−2:22,1:00 pm,94.13,2016
2016-08-16,6:07 am,7:51 pm,13:43:58,−2:23,1:00 pm,94.112,2016
2016-08-17,6:08 am,7:50 pm,13:41:34,−2:24,12:59 pm,94.094,2016
2016-08-18,6:09 am,7:48 pm,13:39:09,−2:25,12:59 pm,94.076,2016
2016-08-19,6:10 am,7:47 pm,13:36:43,−2:26,12:59 pm,94.058,2016
2016-08-20,6:11 am,7:46 pm,13:34:15,−2:27,12:59 pm,94.04,2016
2016-08-21,6:12 am,7:44 pm,13:31:47,−2:28,12:58 pm,94.021,2016
2016-08-22,6:13 am,7:43 pm,13:29:19,−2:28,12:58 pm,94.002,2016
2016-08-23,6:14 am,7:41 pm,13:26:49,−2:29,12:58 pm,93.983,2016
2016-08-24,6:15 am,7:40 pm,13:24:19,−2:30,12:58 pm,93.964,2016
2016-08-25,6:16 am,7:38 pm,13:21:47,−2:31,12:57 pm,93.944,2016
2016-08-26,6:17 am,7:36 pm,13:19:16,−2:31,12:57 pm,93.924,2016
2016-08-27,6:18 am,7:35 pm,13:16:43,−2:32,12:57 pm,93.904,2016
2016-08-28,6:19 am,7:33 pm,13:14:10,−2:33,12:57 pm,93.883,2016
2016-08-29,6:20 am,7:32 pm,13:11:36,−2:33,12:56 pm,93.862,2016
2016-08-30,6:21 am,7:30 pm,13:09:02,−2:34,12:56 pm,93.841,2016
2016-08-31,6:22 am,7:29 pm,13:06:27,−2:34,12:56 pm,93.819,2016
2016-09-01,6:23 am,7:27 pm,13:03:52,−2:35,12:55 pm,93.797,2016
2016-09-02,6:24 am,7:25 pm,13:01:16,−2:35,12:55 pm,93.774,2016
2016-09-03,6:25 am,7:24 pm,12:58:40,−2:36,12:55 pm,93.751,2016
2016-09-04,6:26 am,7:22 pm,12:56:04,−2:36,12:54 pm,93.728,2016
2016-09-05,6:27 am,7:20 pm,12:53:26,−2:37,12:54 pm,93.705,2016
2016-09-06,6:28 am,7:19 pm,12:50:49,−2:37,12:54 pm,93.681,2016
2016-09-07,6:29 am,7:17 pm,12:48:11,−2:37,12:53 pm,93.657,2016
2016-09-08,6:30 am,7:15 pm,12:45:33,−2:38,12:53 pm,93.632,2016
2016-09-09,6:31 am,7:14 pm,12:42:55,−2:38,12:53 pm,93.608,2016
2016-09-10,6:32 am,7:12 pm,12:40:16,−2:38,12:52 pm,93.583,2016
2016-09-11,6:33 am,7:10 pm,12:37:37,−2:38,12:52 pm,93.558,2016
2016-09-12,6:34 am,7:09 pm,12:34:58,−2:39,12:52 pm,93.533,2016
2016-09-13,6:35 am,7:07 pm,12:32:19,−2:39,12:51 pm,93.508,2016
2016-09-14,6:36 am,7:05 pm,12:29:39,−2:39,12:51 pm,93.483,2016
2016-09-15,6:37 am,7:04 pm,12:26:59,−2:39,12:50 pm,93.457,2016
2016-09-16,6:38 am,7:02 pm,12:24:20,−2:39,12:50 pm,93.432,2016
2016-09-17,6:39 am,7:00 pm,12:21:39,−2:40,12:50 pm,93.407,2016
2016-09-18,6:40 am,6:59 pm,12:18:59,−2:40,12:49 pm,93.382,2016
2016-09-19,6:41 am,6:57 pm,12:16:19,−2:40,12:49 pm,93.356,2016
2016-09-20,6:42 am,6:55 pm,12:13:39,−2:40,12:49 pm,93.331,2016
2016-09-21,6:43 am,6:54 pm,12:10:58,−2:40,12:48 pm,93.306,2016
2016-09-22,6:44 am,6:52 pm,12:08:18,−2:40,12:48 pm,93.28,2016
2016-09-23,6:45 am,6:50 pm,12:05:37,−2:40,12:48 pm,93.255,2016
2016-09-24,6:46 am,6:48 pm,12:02:56,−2:40,12:47 pm,93.229,2016
2016-09-25,6:46 am,6:47 pm,12:00:16,−2:40,12:47 pm,93.204,2016
2016-09-26,6:47 am,6:45 pm,11:57:35,−2:40,12:47 pm,93.178,2016
2016-09-27,6:48 am,6:43 pm,11:54:55,−2:40,12:46 pm,93.152,2016
2016-09-28,6:50 am,6:42 pm,11:52:14,−2:40,12:46 pm,93.126,2016
2016-09-29,6:51 am,6:40 pm,11:49:34,−2:40,12:46 pm,93.099,2016
2016-09-30,6:52 am,6:38 pm,11:46:53,−2:40,12:45 pm,93.073,2016
2017-06-01,5:27 am,8:21 pm,14:54:08,+1:10,12:53 pm,94.268,2017
2017-06-02,5:26 am,8:21 pm,14:55:15,+1:07,12:54 pm,94.281,2017
2017-06-03,5:26 am,8:22 pm,14:56:19,+1:04,12:54 pm,94.294,2017
2017-06-04,5:25 am,8:23 pm,14:57:20,+1:00,12:54 pm,94.306,2017
2017-06-05,5:25 am,8:23 pm,14:58:17,+0:57,12:54 pm,94.319,2017
2017-06-06,5:25 am,8:24 pm,14:59:11,+0:54,12:54 pm,94.331,2017
2017-06-07,5:25 am,8:25 pm,15:00:02,+0:50,12:54 pm,94.342,2017
2017-06-08,5:24 am,8:25 pm,15:00:49,+0:47,12:55 pm,94.354,2017
2017-06-09,5:24 am,8:26 pm,15:01:33,+0:43,12:55 pm,94.365,2017
2017-06-10,5:24 am,8:26 pm,15:02:13,+0:40,12:55 pm,94.376,2017
2017-06-11,5:24 am,8:27 pm,15:02:50,+0:36,12:55 pm,94.386,2017
2017-06-12,5:24 am,8:27 pm,15:03:23,+0:33,12:55 pm,94.396,2017
2017-06-13,5:24 am,8:28 pm,15:03:52,+0:29,12:56 pm,94.406,2017
2017-06-14,5:24 am,8:28 pm,15:04:18,+0:25,12:56 pm,94.416,2017
2017-06-15,5:24 am,8:28 pm,15:04:40,+0:22,12:56 pm,94.425,2017
2017-06-16,5:24 am,8:29 pm,15:04:59,+0:18,12:56 pm,94.434,2017
2017-06-17,5:24 am,8:29 pm,15:05:13,+0:14,12:57 pm,94.442,2017
2017-06-18,5:24 am,8:29 pm,15:05:24,+0:11,12:57 pm,94.45,2017
2017-06-19,5:24 am,8:30 pm,15:05:32,+0:07,12:57 pm,94.458,2017
2017-06-20,5:24 am,8:30 pm,15:05:35,+0:03,12:57 pm,94.465,2017
2017-06-21,5:25 am,8:30 pm,15:05:35,< 1s,12:57 pm,94.471,2017
2017-06-22,5:25 am,8:30 pm,15:05:31,−0:03,12:58 pm,94.477,2017
2017-06-23,5:25 am,8:31 pm,15:05:24,−0:07,12:58 pm,94.482,2017
2017-06-24,5:25 am,8:31 pm,15:05:13,−0:11,12:58 pm,94.487,2017
2017-06-25,5:26 am,8:31 pm,15:04:58,−0:14,12:58 pm,94.491,2017
2017-06-26,5:26 am,8:31 pm,15:04:39,−0:18,12:58 pm,94.495,2017
2017-06-27,5:26 am,8:31 pm,15:04:17,−0:22,12:59 pm,94.498,2017
2017-06-28,5:27 am,8:31 pm,15:03:51,−0:25,12:59 pm,94.5,2017
2017-06-29,5:27 am,8:31 pm,15:03:21,−0:29,12:59 pm,94.502,2017
2017-06-30,5:28 am,8:31 pm,15:02:48,−0:33,12:59 pm,94.504,2017
2017-07-01,5:28 am,8:30 pm,15:02:11,−0:36,12:59 pm,94.505,2017
2017-07-02,5:29 am,8:30 pm,15:01:31,−0:40,1:00 pm,94.506,2017
2017-07-03,5:29 am,8:30 pm,15:00:47,−0:43,1:00 pm,94.506,2017
2017-07-04,5:30 am,8:30 pm,15:00:00,−0:47,1:00 pm,94.506,2017
2017-07-05,5:30 am,8:30 pm,14:59:09,−0:50,1:00 pm,94.505,2017
2017-07-06,5:31 am,8:29 pm,14:58:15,−0:54,1:00 pm,94.504,2017
2017-07-07,5:32 am,8:29 pm,14:57:18,−0:57,1:01 pm,94.503,2017
2017-07-08,5:32 am,8:29 pm,14:56:17,−1:00,1:01 pm,94.502,2017
2017-07-09,5:33 am,8:28 pm,14:55:13,−1:03,1:01 pm,94.5,2017
2017-07-10,5:34 am,8:28 pm,14:54:06,−1:07,1:01 pm,94.498,2017
2017-07-11,5:34 am,8:27 pm,14:52:56,−1:10,1:01 pm,94.495,2017
2017-07-12,5:35 am,8:27 pm,14:51:43,−1:13,1:01 pm,94.492,2017
2017-07-13,5:36 am,8:26 pm,14:50:27,−1:16,1:01 pm,94.489,2017
2017-07-14,5:37 am,8:26 pm,14:49:08,−1:19,1:01 pm,94.485,2017
2017-07-15,5:37 am,8:25 pm,14:47:46,−1:22,1:02 pm,94.482,2017
2017-07-16,5:38 am,8:25 pm,14:46:21,−1:24,1:02 pm,94.477,2017
2017-07-17,5:39 am,8:24 pm,14:44:53,−1:27,1:02 pm,94.472,2017
2017-07-18,5:40 am,8:23 pm,14:43:22,−1:30,1:02 pm,94.467,2017
2017-07-19,5:41 am,8:23 pm,14:41:49,−1:33,1:02 pm,94.461,2017
2017-07-20,5:42 am,8:22 pm,14:40:14,−1:35,1:02 pm,94.455,2017
2017-07-21,5:42 am,8:21 pm,14:38:35,−1:38,1:02 pm,94.448,2017
2017-07-22,5:43 am,8:20 pm,14:36:55,−1:40,1:02 pm,94.441,2017
2017-07-23,5:44 am,8:19 pm,14:35:12,−1:43,1:02 pm,94.433,2017
2017-07-24,5:45 am,8:19 pm,14:33:26,−1:45,1:02 pm,94.425,2017
2017-07-25,5:46 am,8:18 pm,14:31:38,−1:47,1:02 pm,94.416,2017
2017-07-26,5:47 am,8:17 pm,14:29:49,−1:49,1:02 pm,94.406,2017
2017-07-27,5:48 am,8:16 pm,14:27:56,−1:52,1:02 pm,94.396,2017
2017-07-28,5:49 am,8:15 pm,14:26:02,−1:54,1:02 pm,94.385,2017
2017-07-29,5:50 am,8:14 pm,14:24:06,−1:56,1:02 pm,94.374,2017
2017-07-30,5:51 am,8:13 pm,14:22:08,−1:58,1:02 pm,94.363,2017
2017-07-31,5:52 am,8:12 pm,14:20:08,−2:00,1:02 pm,94.351,2017
2017-08-01,5:52 am,8:11 pm,14:18:06,−2:01,1:02 pm,94.339,2017
2017-08-02,5:53 am,8:09 pm,14:16:02,−2:03,1:02 pm,94.326,2017
2017-08-03,5:54 am,8:08 pm,14:13:57,−2:05,1:02 pm,94.313,2017
2017-08-04,5:55 am,8:07 pm,14:11:50,−2:07,1:02 pm,94.3,2017
2017-08-05,5:56 am,8:06 pm,14:09:41,−2:08,1:01 pm,94.286,2017
2017-08-06,5:57 am,8:05 pm,14:07:31,−2:10,1:01 pm,94.272,2017
2017-08-07,5:58 am,8:04 pm,14:05:19,−2:11,1:01 pm,94.258,2017
2017-08-08,5:59 am,8:02 pm,14:03:06,−2:13,1:01 pm,94.244,2017
2017-08-09,6:00 am,8:01 pm,14:00:51,−2:14,1:01 pm,94.229,2017
2017-08-10,6:01 am,8:00 pm,13:58:35,−2:15,1:01 pm,94.214,2017
2017-08-11,6:02 am,7:58 pm,13:56:18,−2:17,1:01 pm,94.199,2017
2017-08-12,6:03 am,7:57 pm,13:53:59,−2:18,1:00 pm,94.184,2017
2017-08-13,6:04 am,7:56 pm,13:51:39,−2:19,1:00 pm,94.168,2017
2017-08-14,6:05 am,7:54 pm,13:49:18,−2:20,1:00 pm,94.152,2017
2017-08-15,6:06 am,7:53 pm,13:46:56,−2:22,1:00 pm,94.136,2017
2017-08-16,6:07 am,7:52 pm,13:44:33,−2:23,1:00 pm,94.119,2017
2017-08-17,6:08 am,7:50 pm,13:42:09,−2:24,12:59 pm,94.102,2017
2017-08-18,6:09 am,7:49 pm,13:39:44,−2:25,12:59 pm,94.085,2017
2017-08-19,6:10 am,7:47 pm,13:37:18,−2:26,12:59 pm,94.067,2017
2017-08-20,6:11 am,7:46 pm,13:34:51,−2:27,12:59 pm,94.048,2017
2017-08-21,6:12 am,7:44 pm,13:32:23,−2:27,12:59 pm,94.03,2017
2017-08-22,6:13 am,7:43 pm,13:29:54,−2:28,12:58 pm,94.01,2017
2017-08-23,6:14 am,7:41 pm,13:27:25,−2:29,12:58 pm,93.99,2017
2017-08-24,6:15 am,7:40 pm,13:24:54,−2:30,12:58 pm,93.97,2017
2017-08-25,6:16 am,7:38 pm,13:22:23,−2:30,12:58 pm,93.95,2017
2017-08-26,6:17 am,7:37 pm,13:19:52,−2:31,12:57 pm,93.929,2017
2017-08-27,6:18 am,7:35 pm,13:17:19,−2:32,12:57 pm,93.908,2017
2017-08-28,6:19 am,7:34 pm,13:14:46,−2:32,12:57 pm,93.886,2017
2017-08-29,6:20 am,7:32 pm,13:12:13,−2:33,12:56 pm,93.864,2017
2017-08-30,6:21 am,7:31 pm,13:09:39,−2:34,12:56 pm,93.842,2017
2017-08-31,6:22 am,7:29 pm,13:07:04,−2:34,12:56 pm,93.82,2017
2017-09-01,6:23 am,7:27 pm,13:04:29,−2:35,12:55 pm,93.797,2017
2017-09-02,6:24 am,7:26 pm,13:01:53,−2:35,12:55 pm,93.774,2017
2017-09-03,6:25 am,7:24 pm,12:59:17,−2:36,12:55 pm,93.751,2017
2017-09-04,6:26 am,7:22 pm,12:56:41,−2:36,12:54 pm,93.728,2017
2017-09-05,6:27 am,7:21 pm,12:54:04,−2:36,12:54 pm,93.705,2017
2017-09-06,6:28 am,7:19 pm,12:51:27,−2:37,12:54 pm,93.682,2017
2017-09-07,6:29 am,7:17 pm,12:48:49,−2:37,12:53 pm,93.658,2017
2017-09-08,6:30 am,7:16 pm,12:46:11,−2:37,12:53 pm,93.635,2017
2017-09-09,6:31 am,7:14 pm,12:43:33,−2:38,12:53 pm,93.612,2017
2017-09-10,6:32 am,7:12 pm,12:40:55,−2:38,12:52 pm,93.588,2017
2017-09-11,6:33 am,7:11 pm,12:38:16,−2:38,12:52 pm,93.564,2017
2017-09-12,6:33 am,7:09 pm,12:35:37,−2:39,12:52 pm,93.54,2017
2017-09-13,6:34 am,7:07 pm,12:32:57,−2:39,12:51 pm,93.516,2017
2017-09-14,6:35 am,7:06 pm,12:30:18,−2:39,12:51 pm,93.492,2017
2017-09-15,6:36 am,7:04 pm,12:27:38,−2:39,12:51 pm,93.468,2017
2017-09-16,6:37 am,7:02 pm,12:24:58,−2:39,12:50 pm,93.443,2017
2017-09-17,6:38 am,7:01 pm,12:22:18,−2:40,12:50 pm,93.418,2017
2017-09-18,6:39 am,6:59 pm,12:19:38,−2:40,12:50 pm,93.393,2017
2017-09-19,6:40 am,6:57 pm,12:16:57,−2:40,12:49 pm,93.368,2017
2017-09-20,6:41 am,6:56 pm,12:14:17,−2:40,12:49 pm,93.342,2017
2017-09-21,6:42 am,6:54 pm,12:11:36,−2:40,12:48 pm,93.316,2017
2017-09-22,6:43 am,6:52 pm,12:08:56,−2:40,12:48 pm,93.29,2017
2017-09-23,6:44 am,6:51 pm,12:06:15,−2:40,12:48 pm,93.264,2017
2017-09-24,6:45 am,6:49 pm,12:03:34,−2:40,12:47 pm,93.237,2017
2017-09-25,6:46 am,6:47 pm,12:00:54,−2:40,12:47 pm,93.21,2017
2017-09-26,6:47 am,6:46 pm,11:58:13,−2:40,12:47 pm,93.183,2017
2017-09-27,6:48 am,6:44 pm,11:55:33,−2:40,12:46 pm,93.156,2017
2017-09-28,6:49 am,6:42 pm,11:52:52,−2:40,12:46 pm,93.129,2017
2017-09-29,6:50 am,6:40 pm,11:50:12,−2:40,12:46 pm,93.102,2017
2017-09-30,6:51 am,6:39 pm,11:47:31,−2:40,12:45 pm,93.075,2017
2018-06-01,5:27 am,8:21 pm,14:53:51,+1:11,12:53 pm,94.261,2018
2018-06-02,5:26 am,8:21 pm,14:54:59,+1:08,12:54 pm,94.275,2018
2018-06-03,5:26 am,8:22 pm,14:56:04,+1:04,12:54 pm,94.289,2018
2018-06-04,5:25 am,8:23 pm,14:57:05,+1:01,12:54 pm,94.303,2018
2018-06-05,5:25 am,8:23 pm,14:58:04,+0:58,12:54 pm,94.316,2018
2018-06-06,5:25 am,8:24 pm,14:58:59,+0:54,12:54 pm,94.329,2018
2018-06-07,5:25 am,8:24 pm,14:59:50,+0:51,12:54 pm,94.342,2018
2018-06-08,5:24 am,8:25 pm,15:00:38,+0:48,12:55 pm,94.354,2018
2018-06-09,5:24 am,8:26 pm,15:01:23,+0:44,12:55 pm,94.366,2018
2018-06-10,5:24 am,8:26 pm,15:02:04,+0:41,12:55 pm,94.377,2018
2018-06-11,5:24 am,8:27 pm,15:02:41,+0:37,12:55 pm,94.388,2018
2018-06-12,5:24 am,8:27 pm,15:03:15,+0:33,12:55 pm,94.398,2018
2018-06-13,5:24 am,8:28 pm,15:03:46,+0:30,12:56 pm,94.408,2018
2018-06-14,5:24 am,8:28 pm,15:04:12,+0:26,12:56 pm,94.417,2018
2018-06-15,5:24 am,8:28 pm,15:04:35,+0:23,12:56 pm,94.426,2018
2018-06-16,5:24 am,8:29 pm,15:04:55,+0:19,12:56 pm,94.434,2018
2018-06-17,5:24 am,8:29 pm,15:05:11,+0:15,12:56 pm,94.441,2018
2018-06-18,5:24 am,8:29 pm,15:05:22,+0:11,12:57 pm,94.448,2018
2018-06-19,5:24 am,8:30 pm,15:05:31,+0:08,12:57 pm,94.454,2018
2018-06-20,5:24 am,8:30 pm,15:05:35,+0:04,12:57 pm,94.461,2018
2018-06-21,5:25 am,8:30 pm,15:05:36,< 1s,12:57 pm,94.466,2018
2018-06-22,5:25 am,8:30 pm,15:05:33,−0:02,12:58 pm,94.471,2018
2018-06-23,5:25 am,8:31 pm,15:05:26,−0:06,12:58 pm,94.476,2018
2018-06-24,5:25 am,8:31 pm,15:05:16,−0:10,12:58 pm,94.481,2018
2018-06-25,5:26 am,8:31 pm,15:05:02,−0:14,12:58 pm,94.485,2018
2018-06-26,5:26 am,8:31 pm,15:04:44,−0:17,12:58 pm,94.489,2018
2018-06-27,5:26 am,8:31 pm,15:04:23,−0:21,12:59 pm,94.492,2018
2018-06-28,5:27 am,8:31 pm,15:03:57,−0:25,12:59 pm,94.495,2018
2018-06-29,5:27 am,8:31 pm,15:03:29,−0:28,12:59 pm,94.498,2018
2018-06-30,5:28 am,8:31 pm,15:02:56,−0:32,12:59 pm,94.501,2018
2018-07-01,5:28 am,8:31 pm,15:02:21,−0:35,12:59 pm,94.503,2018
2018-07-02,5:29 am,8:30 pm,15:01:41,−0:39,1:00 pm,94.504,2018
2018-07-03,5:29 am,8:30 pm,15:00:58,−0:42,1:00 pm,94.506,2018
2018-07-04,5:30 am,8:30 pm,15:00:12,−0:46,1:00 pm,94.507,2018
2018-07-05,5:30 am,8:30 pm,14:59:22,−0:49,1:00 pm,94.508,2018
2018-07-06,5:31 am,8:29 pm,14:58:29,−0:53,1:00 pm,94.508,2018
2018-07-07,5:32 am,8:29 pm,14:57:32,−0:56,1:00 pm,94.508,2018
2018-07-08,5:32 am,8:29 pm,14:56:32,−0:59,1:01 pm,94.507,2018
2018-07-09,5:33 am,8:28 pm,14:55:29,−1:03,1:01 pm,94.506,2018
2018-07-10,5:34 am,8:28 pm,14:54:23,−1:06,1:01 pm,94.504,2018
2018-07-11,5:34 am,8:28 pm,14:53:14,−1:09,1:01 pm,94.502,2018
2018-07-12,5:35 am,8:27 pm,14:52:01,−1:12,1:01 pm,94.499,2018
2018-07-13,5:36 am,8:27 pm,14:50:46,−1:15,1:01 pm,94.495,2018
2018-07-14,5:37 am,8:26 pm,14:49:27,−1:18,1:01 pm,94.491,2018
2018-07-15,5:37 am,8:25 pm,14:48:06,−1:21,1:02 pm,94.486,2018
2018-07-16,5:38 am,8:25 pm,14:46:41,−1:24,1:02 pm,94.481,2018
2018-07-17,5:39 am,8:24 pm,14:45:14,−1:27,1:02 pm,94.475,2018
2018-07-18,5:40 am,8:23 pm,14:43:45,−1:29,1:02 pm,94.469,2018
2018-07-19,5:41 am,8:23 pm,14:42:12,−1:32,1:02 pm,94.462,2018
2018-07-20,5:41 am,8:22 pm,14:40:37,−1:35,1:02 pm,94.455,2018
2018-07-21,5:42 am,8:21 pm,14:38:59,−1:37,1:02 pm,94.448,2018
2018-07-22,5:43 am,8:20 pm,14:37:19,−1:40,1:02 pm,94.44,2018
2018-07-23,5:44 am,8:20 pm,14:35:37,−1:42,1:02 pm,94.431,2018
2018-07-24,5:45 am,8:19 pm,14:33:52,−1:44,1:02 pm,94.423,2018
2018-07-25,5:46 am,8:18 pm,14:32:05,−1:47,1:02 pm,94.414,2018
2018-07-26,5:47 am,8:17 pm,14:30:15,−1:49,1:02 pm,94.405,2018
2018-07-27,5:48 am,8:16 pm,14:28:24,−1:51,1:02 pm,94.395,2018
2018-07-28,5:49 am,8:15 pm,14:26:30,−1:53,1:02 pm,94.385,2018
2018-07-29,5:49 am,8:14 pm,14:24:35,−1:55,1:02 pm,94.375,2018
2018-07-30,5:50 am,8:13 pm,14:22:37,−1:57,1:02 pm,94.364,2018
2018-07-31,5:51 am,8:12 pm,14:20:37,−1:59,1:02 pm,94.354,2018
2018-08-01,5:52 am,8:11 pm,14:18:36,−2:01,1:02 pm,94.343,2018
2018-08-02,5:53 am,8:10 pm,14:16:33,−2:03,1:02 pm,94.331,2018
2018-08-03,5:54 am,8:09 pm,14:14:28,−2:04,1:02 pm,94.319,2018
2018-08-04,5:55 am,8:07 pm,14:12:21,−2:06,1:02 pm,94.307,2018
2018-08-05,5:56 am,8:06 pm,14:10:13,−2:08,1:02 pm,94.295,2018
2018-08-06,5:57 am,8:05 pm,14:08:03,−2:09,1:01 pm,94.282,2018
2018-08-07,5:58 am,8:04 pm,14:05:51,−2:11,1:01 pm,94.268,2018
2018-08-08,5:59 am,8:03 pm,14:03:38,−2:12,1:01 pm,94.254,2018
2018-08-09,6:00 am,8:01 pm,14:01:24,−2:14,1:01 pm,94.24,2018
2018-08-10,6:01 am,8:00 pm,13:59:08,−2:15,1:01 pm,94.225,2018
2018-08-11,6:02 am,7:59 pm,13:56:51,−2:17,1:01 pm,94.21,2018
2018-08-12,6:03 am,7:57 pm,13:54:33,−2:18,1:01 pm,94.194,2018
2018-08-13,6:04 am,7:56 pm,13:52:13,−2:19,1:00 pm,94.178,2018
2018-08-14,6:05 am,7:55 pm,13:49:53,−2:20,1:00 pm,94.161,2018
2018-08-15,6:06 am,7:53 pm,13:47:31,−2:21,1:00 pm,94.143,2018
2018-08-16,6:07 am,7:52 pm,13:45:08,−2:22,1:00 pm,94.126,2018
2018-08-17,6:08 am,7:51 pm,13:42:44,−2:23,1:00 pm,94.108,2018
2018-08-18,6:09 am,7:49 pm,13:40:19,−2:24,12:59 pm,94.089,2018
2018-08-19,6:10 am,7:48 pm,13:37:53,−2:25,12:59 pm,94.07,2018
2018-08-20,6:11 am,7:46 pm,13:35:26,−2:26,12:59 pm,94.051,2018
2018-08-21,6:12 am,7:45 pm,13:32:59,−2:27,12:59 pm,94.032,2018
2018-08-22,6:13 am,7:43 pm,13:30:30,−2:28,12:58 pm,94.012,2018
2018-08-23,6:14 am,7:42 pm,13:28:01,−2:29,12:58 pm,93.993,2018
2018-08-24,6:15 am,7:40 pm,13:25:31,−2:30,12:58 pm,93.973,2018
2018-08-25,6:16 am,7:39 pm,13:23:00,−2:30,12:58 pm,93.952,2018
2018-08-26,6:17 am,7:37 pm,13:20:29,−2:31,12:57 pm,93.932,2018
2018-08-27,6:18 am,7:36 pm,13:17:57,−2:32,12:57 pm,93.912,2018
2018-08-28,6:19 am,7:34 pm,13:15:24,−2:32,12:57 pm,93.891,2018
2018-08-29,6:20 am,7:32 pm,13:12:51,−2:33,12:56 pm,93.87,2018
2018-08-30,6:21 am,7:31 pm,13:10:17,−2:33,12:56 pm,93.849,2018
2018-08-31,6:22 am,7:29 pm,13:07:42,−2:34,12:56 pm,93.828,2018
2018-09-01,6:23 am,7:28 pm,13:05:07,−2:34,12:55 pm,93.806,2018
2018-09-02,6:24 am,7:26 pm,13:02:32,−2:35,12:55 pm,93.785,2018
2018-09-03,6:25 am,7:24 pm,12:59:56,−2:35,12:55 pm,93.763,2018
2018-09-04,6:25 am,7:23 pm,12:57:20,−2:36,12:54 pm,93.741,2018
2018-09-05,6:26 am,7:21 pm,12:54:43,−2:36,12:54 pm,93.718,2018
2018-09-06,6:27 am,7:20 pm,12:52:05,−2:37,12:54 pm,93.695,2018
2018-09-07,6:28 am,7:18 pm,12:49:28,−2:37,12:53 pm,93.672,2018
2018-09-08,6:29 am,7:16 pm,12:46:50,−2:37,12:53 pm,93.649,2018
2018-09-09,6:30 am,7:15 pm,12:44:12,−2:38,12:53 pm,93.625,2018
2018-09-10,6:31 am,7:13 pm,12:41:33,−2:38,12:52 pm,93.601,2018
2018-09-11,6:32 am,7:11 pm,12:38:54,−2:38,12:52 pm,93.577,2018
2018-09-12,6:33 am,7:10 pm,12:36:15,−2:39,12:52 pm,93.552,2018
2018-09-13,6:34 am,7:08 pm,12:33:36,−2:39,12:51 pm,93.527,2018
2018-09-14,6:35 am,7:06 pm,12:30:56,−2:39,12:51 pm,93.502,2018
2018-09-15,6:36 am,7:04 pm,12:28:17,−2:39,12:51 pm,93.476,2018
2018-09-16,6:37 am,7:03 pm,12:25:37,−2:39,12:50 pm,93.451,2018
2018-09-17,6:38 am,7:01 pm,12:22:57,−2:40,12:50 pm,93.425,2018
2018-09-18,6:39 am,6:59 pm,12:20:16,−2:40,12:50 pm,93.399,2018
2018-09-19,6:40 am,6:58 pm,12:17:36,−2:40,12:49 pm,93.373,2018
2018-09-20,6:41 am,6:56 pm,12:14:56,−2:40,12:49 pm,93.346,2018
2018-09-21,6:42 am,6:54 pm,12:12:15,−2:40,12:49 pm,93.32,2018
2018-09-22,6:43 am,6:53 pm,12:09:35,−2:40,12:48 pm,93.294,2018
2018-09-23,6:44 am,6:51 pm,12:06:54,−2:40,12:48 pm,93.268,2018
2018-09-24,6:45 am,6:49 pm,12:04:14,−2:40,12:47 pm,93.242,2018
2018-09-25,6:46 am,6:48 pm,12:01:33,−2:40,12:47 pm,93.215,2018
2018-09-26,6:47 am,6:46 pm,11:58:53,−2:40,12:47 pm,93.189,2018
2018-09-27,6:48 am,6:44 pm,11:56:12,−2:40,12:46 pm,93.163,2018
2018-09-28,6:49 am,6:43 pm,11:53:32,−2:40,12:46 pm,93.137,2018
2018-09-29,6:50 am,6:41 pm,11:50:51,−2:40,12:46 pm,93.111,2018
2018-09-30,6:51 am,6:39 pm,11:48:11,−2:40,12:45 pm,93.085,2018
2019-06-01,5:27 am,8:20 pm,14:53:35,+1:12,12:53 pm,94.264,2019
2019-06-02,5:26 am,8:21 pm,14:54:44,+1:08,12:54 pm,94.278,2019
2019-06-03,5:26 am,8:22 pm,14:55:49,+1:05,12:54 pm,94.292,2019
2019-06-04,5:26 am,8:22 pm,14:56:52,+1:02,12:54 pm,94.305,2019
2019-06-05,5:25 am,8:23 pm,14:57:51,+0:59,12:54 pm,94.318,2019
2019-06-06,5:25 am,8:24 pm,14:58:46,+0:55,12:54 pm,94.33,2019
2019-06-07,5:25 am,8:24 pm,14:59:39,+0:52,12:54 pm,94.342,2019
2019-06-08,5:25 am,8:25 pm,15:00:28,+0:48,12:55 pm,94.353,2019
2019-06-09,5:24 am,8:26 pm,15:01:13,+0:45,12:55 pm,94.364,2019
2019-06-10,5:24 am,8:26 pm,15:01:55,+0:41,12:55 pm,94.374,2019
2019-06-11,5:24 am,8:27 pm,15:02:33,+0:38,12:55 pm,94.384,2019
2019-06-12,5:24 am,8:27 pm,15:03:08,+0:34,12:55 pm,94.394,2019
2019-06-13,5:24 am,8:28 pm,15:03:39,+0:31,12:56 pm,94.403,2019
2019-06-14,5:24 am,8:28 pm,15:04:07,+0:27,12:56 pm,94.412,2019
2019-06-15,5:24 am,8:28 pm,15:04:31,+0:23,12:56 pm,94.421,2019
2019-06-16,5:24 am,8:29 pm,15:04:51,+0:20,12:56 pm,94.429,2019
2019-06-17,5:24 am,8:29 pm,15:05:07,+0:16,12:56 pm,94.437,2019
2019-06-18,5:24 am,8:29 pm,15:05:20,+0:12,12:57 pm,94.445,2019
2019-06-19,5:24 am,8:30 pm,15:05:29,+0:09,12:57 pm,94.452,2019
2019-06-20,5:24 am,8:30 pm,15:05:35,+0:05,12:57 pm,94.459,2019
2019-06-21,5:25 am,8:30 pm,15:05:36,+0:01,12:57 pm,94.466,2019
2019-06-22,5:25 am,8:30 pm,15:05:34,−0:02,12:58 pm,94.472,2019
2019-06-23,5:25 am,8:30 pm,15:05:28,−0:05,12:58 pm,94.478,2019
2019-06-24,5:25 am,8:31 pm,15:05:19,−0:09,12:58 pm,94.484,2019
2019-06-25,5:26 am,8:31 pm,15:05:06,−0:13,12:58 pm,94.489,2019
2019-06-26,5:26 am,8:31 pm,15:04:49,−0:16,12:58 pm,94.494,2019
2019-06-27,5:26 am,8:31 pm,15:04:28,−0:20,12:59 pm,94.498,2019
2019-06-28,5:27 am,8:31 pm,15:04:04,−0:24,12:59 pm,94.502,2019
2019-06-29,5:27 am,8:31 pm,15:03:36,−0:27,12:59 pm,94.505,2019
2019-06-30,5:28 am,8:31 pm,15:03:05,−0:31,12:59 pm,94.508,2019
2019-07-01,5:28 am,8:31 pm,15:02:30,−0:35,12:59 pm,94.51,2019
2019-07-02,5:29 am,8:30 pm,15:01:51,−0:38,1:00 pm,94.512,2019
2019-07-03,5:29 am,8:30 pm,15:01:09,−0:42,1:00 pm,94.513,2019
2019-07-04,5:30 am,8:30 pm,15:00:24,−0:45,1:00 pm,94.513,2019
2019-07-05,5:30 am,8:30 pm,14:59:35,−0:49,1:00 pm,94.513,2019
2019-07-06,5:31 am,8:30 pm,14:58:42,−0:52,1:00 pm,94.512,2019
2019-07-07,5:31 am,8:29 pm,14:57:46,−0:55,1:00 pm,94.511,2019
2019-07-08,5:32 am,8:29 pm,14:56:47,−0:59,1:01 pm,94.509,2019
2019-07-09,5:33 am,8:29 pm,14:55:45,−1:02,1:01 pm,94.507,2019
2019-07-10,5:33 am,8:28 pm,14:54:39,−1:05,1:01 pm,94.504,2019
2019-07-11,5:34 am,8:28 pm,14:53:31,−1:08,1:01 pm,94.501,2019
2019-07-12,5:35 am,8:27 pm,14:52:19,−1:11,1:01 pm,94.498,2019
2019-07-13,5:36 am,8:27 pm,14:51:04,−1:14,1:01 pm,94.494,2019
2019-07-14,5:36 am,8:26 pm,14:49:46,−1:17,1:01 pm,94.49,2019
2019-07-15,5:37 am,8:26 pm,14:48:26,−1:20,1:02 pm,94.486,2019
2019-07-16,5:38 am,8:25 pm,14:47:02,−1:23,1:02 pm,94.481,2019
2019-07-17,5:39 am,8:24 pm,14:45:36,−1:26,1:02 pm,94.476,2019
2019-07-18,5:40 am,8:24 pm,14:44:07,−1:29,1:02 pm,94.47,2019
2019-07-19,5:40 am,8:23 pm,14:42:35,−1:31,1:02 pm,94.465,2019
2019-07-20,5:41 am,8:22 pm,14:41:00,−1:34,1:02 pm,94.458,2019
2019-07-21,5:42 am,8:21 pm,14:39:23,−1:36,1:02 pm,94.452,2019
2019-07-22,5:43 am,8:21 pm,14:37:44,−1:39,1:02 pm,94.445,2019
2019-07-23,5:44 am,8:20 pm,14:36:02,−1:41,1:02 pm,94.438,2019
2019-07-24,5:45 am,8:19 pm,14:34:18,−1:44,1:02 pm,94.431,2019
2019-07-25,5:46 am,8:18 pm,14:32:31,−1:46,1:02 pm,94.423,2019
2019-07-26,5:46 am,8:17 pm,14:30:42,−1:48,1:02 pm,94.414,2019
2019-07-27,5:47 am,8:16 pm,14:28:51,−1:51,1:02 pm,94.405,2019
2019-07-28,5:48 am,8:15 pm,14:26:58,−1:53,1:02 pm,94.396,2019
2019-07-29,5:49 am,8:14 pm,14:25:03,−1:55,1:02 pm,94.386,2019
2019-07-30,5:50 am,8:13 pm,14:23:06,−1:57,1:02 pm,94.376,2019
2019-07-31,5:51 am,8:12 pm,14:21:07,−1:59,1:02 pm,94.365,2019
2019-08-01,5:52 am,8:11 pm,14:19:05,−2:01,1:02 pm,94.353,2019
2019-08-02,5:53 am,8:10 pm,14:17:03,−2:02,1:02 pm,94.341,2019
2019-08-03,5:54 am,8:09 pm,14:14:58,−2:04,1:02 pm,94.329,2019
2019-08-04,5:55 am,8:08 pm,14:12:52,−2:06,1:02 pm,94.316,2019
2019-08-05,5:56 am,8:07 pm,14:10:44,−2:08,1:02 pm,94.302,2019
2019-08-06,5:57 am,8:05 pm,14:08:34,−2:09,1:01 pm,94.288,2019
2019-08-07,5:58 am,8:04 pm,14:06:23,−2:11,1:01 pm,94.274,2019
2019-08-08,5:59 am,8:03 pm,14:04:10,−2:12,1:01 pm,94.259,2019
2019-08-09,6:00 am,8:02 pm,14:01:56,−2:14,1:01 pm,94.244,2019
2019-08-10,6:01 am,8:00 pm,13:59:41,−2:15,1:01 pm,94.228,2019
2019-08-11,6:02 am,7:59 pm,13:57:24,−2:16,1:01 pm,94.212,2019
2019-08-12,6:03 am,7:58 pm,13:55:06,−2:17,1:01 pm,94.196,2019
2019-08-13,6:04 am,7:56 pm,13:52:47,−2:19,1:00 pm,94.18,2019
2019-08-14,6:05 am,7:55 pm,13:50:27,−2:20,1:00 pm,94.164,2019
2019-08-15,6:06 am,7:54 pm,13:48:05,−2:21,1:00 pm,94.147,2019
2019-08-16,6:07 am,7:52 pm,13:45:43,−2:22,1:00 pm,94.13,2019
2019-08-17,6:08 am,7:51 pm,13:43:19,−2:23,1:00 pm,94.112,2019
2019-08-18,6:09 am,7:50 pm,13:40:54,−2:24,12:59 pm,94.095,2019
2019-08-19,6:10 am,7:48 pm,13:38:29,−2:25,12:59 pm,94.077,2019
2019-08-20,6:11 am,7:47 pm,13:36:02,−2:26,12:59 pm,94.059,2019
2019-08-21,6:12 am,7:45 pm,13:33:35,−2:27,12:59 pm,94.041,2019
2019-08-22,6:13 am,7:44 pm,13:31:07,−2:28,12:58 pm,94.023,2019
2019-08-23,6:14 am,7:42 pm,13:28:38,−2:29,12:58 pm,94.004,2019
2019-08-24,6:14 am,7:41 pm,13:26:08,−2:29,12:58 pm,93.985,2019
2019-08-25,6:15 am,7:39 pm,13:23:37,−2:30,12:58 pm,93.965,2019
2019-08-26,6:16 am,7:38 pm,13:21:06,−2:31,12:57 pm,93.945,2019
2019-08-27,6:17 am,7:36 pm,13:18:34,−2:31,12:57 pm,93.925,2019
2019-08-28,6:18 am,7:34 pm,13:16:01,−2:32,12:57 pm,93.905,2019
2019-08-29,6:19 am,7:33 pm,13:13:28,−2:33,12:56 pm,93.884,2019
2019-08-30,6:20 am,7:31 pm,13:10:54,−2:33,12:56 pm,93.862,2019
2019-08-31,6:21 am,7:30 pm,13:08:20,−2:34,12:56 pm,93.841,2019
2019-09-01,6:22 am,7:28 pm,13:05:45,−2:34,12:56 pm,93.818,2019
2019-09-02,6:23 am,7:26 pm,13:03:09,−2:35,12:55 pm,93.796,2019
2019-09-03,6:24 am,7:25 pm,13:00:34,−2:35,12:55 pm,93.773,2019
2019-09-04,6:25 am,7:23 pm,12:57:57,−2:36,12:55 pm,93.749,2019
2019-09-05,6:26 am,7:22 pm,12:55:20,−2:36,12:54 pm,93.726,2019
2019-09-06,6:27 am,7:20 pm,12:52:43,−2:37,12:54 pm,93.702,2019
2019-09-07,6:28 am,7:18 pm,12:50:06,−2:37,12:54 pm,93.678,2019
2019-09-08,6:29 am,7:17 pm,12:47:28,−2:37,12:53 pm,93.654,2019
2019-09-09,6:30 am,7:15 pm,12:44:50,−2:38,12:53 pm,93.63,2019
2019-09-10,6:31 am,7:13 pm,12:42:12,−2:38,12:53 pm,93.605,2019
2019-09-11,6:32 am,7:12 pm,12:39:33,−2:38,12:52 pm,93.581,2019
2019-09-12,6:33 am,7:10 pm,12:36:54,−2:38,12:52 pm,93.556,2019
2019-09-13,6:34 am,7:08 pm,12:34:15,−2:39,12:51 pm,93.531,2019
2019-09-14,6:35 am,7:07 pm,12:31:35,−2:39,12:51 pm,93.507,2019
2019-09-15,6:36 am,7:05 pm,12:28:56,−2:39,12:51 pm,93.482,2019
2019-09-16,6:37 am,7:03 pm,12:26:16,−2:39,12:50 pm,93.457,2019
2019-09-17,6:38 am,7:02 pm,12:23:36,−2:39,12:50 pm,93.432,2019
2019-09-18,6:39 am,7:00 pm,12:20:56,−2:40,12:50 pm,93.407,2019
2019-09-19,6:40 am,6:58 pm,12:18:16,−2:40,12:49 pm,93.382,2019
2019-09-20,6:41 am,6:56 pm,12:15:35,−2:40,12:49 pm,93.357,2019
2019-09-21,6:42 am,6:55 pm,12:12:55,−2:40,12:49 pm,93.332,2019
2019-09-22,6:43 am,6:53 pm,12:10:15,−2:40,12:48 pm,93.306,2019
2019-09-23,6:44 am,6:51 pm,12:07:34,−2:40,12:48 pm,93.281,2019
2019-09-24,6:45 am,6:50 pm,12:04:53,−2:40,12:48 pm,93.255,2019
2019-09-25,6:46 am,6:48 pm,12:02:13,−2:40,12:47 pm,93.23,2019
2019-09-26,6:47 am,6:46 pm,11:59:32,−2:40,12:47 pm,93.204,2019
2019-09-27,6:48 am,6:45 pm,11:56:52,−2:40,12:47 pm,93.177,2019
2019-09-28,6:49 am,6:43 pm,11:54:11,−2:40,12:46 pm,93.151,2019
2019-09-29,6:50 am,6:41 pm,11:51:30,−2:40,12:46 pm,93.124,2019
2019-09-30,6:51 am,6:40 pm,11:48:50,−2:40,12:46 pm,93.098,2019
2020-06-01,5:26 am,8:21 pm,14:54:28,+1:09,12:53 pm,94.272,2020
2020-06-02,5:26 am,8:22 pm,14:55:34,+1:06,12:54 pm,94.285,2020
2020-06-03,5:26 am,8:22 pm,14:56:37,+1:03,12:54 pm,94.298,2020
2020-06-04,5:25 am,8:23 pm,14:57:37,+0:59,12:54 pm,94.311,2020
2020-06-05,5:25 am,8:24 pm,14:58:33,+0:56,12:54 pm,94.323,2020
2020-06-06,5:25 am,8:24 pm,14:59:27,+0:53,12:54 pm,94.336,2020
2020-06-07,5:25 am,8:25 pm,15:00:16,+0:49,12:55 pm,94.348,2020
2020-06-08,5:24 am,8:25 pm,15:01:03,+0:46,12:55 pm,94.359,2020
2020-06-09,5:24 am,8:26 pm,15:01:45,+0:42,12:55 pm,94.371,2020
2020-06-10,5:24 am,8:26 pm,15:02:25,+0:39,12:55 pm,94.382,2020
2020-06-11,5:24 am,8:27 pm,15:03:00,+0:35,12:55 pm,94.393,2020
2020-06-12,5:24 am,8:27 pm,15:03:32,+0:32,12:56 pm,94.403,2020
2020-06-13,5:24 am,8:28 pm,15:04:01,+0:28,12:56 pm,94.413,2020
2020-06-14,5:24 am,8:28 pm,15:04:25,+0:24,12:56 pm,94.423,2020
2020-06-15,5:24 am,8:29 pm,15:04:47,+0:21,12:56 pm,94.432,2020
2020-06-16,5:24 am,8:29 pm,15:05:04,+0:17,12:56 pm,94.44,2020
2020-06-17,5:24 am,8:29 pm,15:05:18,+0:13,12:57 pm,94.448,2020
2020-06-18,5:24 am,8:30 pm,15:05:28,+0:10,12:57 pm,94.456,2020
2020-06-19,5:24 am,8:30 pm,15:05:34,+0:06,12:57 pm,94.463,2020
2020-06-20,5:24 am,8:30 pm,15:05:37,+0:02,12:57 pm,94.47,2020
2020-06-21,5:25 am,8:30 pm,15:05:36,−0:01,12:57 pm,94.476,2020
2020-06-22,5:25 am,8:30 pm,15:05:31,−0:04,12:58 pm,94.481,2020
2020-06-23,5:25 am,8:31 pm,15:05:22,−0:08,12:58 pm,94.486,2020
2020-06-24,5:26 am,8:31 pm,15:05:10,−0:12,12:58 pm,94.49,2020
2020-06-25,5:26 am,8:31 pm,15:04:54,−0:15,12:58 pm,94.494,2020
2020-06-26,5:26 am,8:31 pm,15:04:34,−0:19,12:59 pm,94.497,2020
2020-06-27,5:27 am,8:31 pm,15:04:11,−0:23,12:59 pm,94.5,2020
2020-06-28,5:27 am,8:31 pm,15:03:44,−0:26,12:59 pm,94.502,2020
2020-06-29,5:27 am,8:31 pm,15:03:13,−0:30,12:59 pm,94.504,2020
2020-06-30,5:28 am,8:31 pm,15:02:39,−0:34,12:59 pm,94.505,2020
2020-07-01,5:28 am,8:30 pm,15:02:01,−0:37,1:00 pm,94.506,2020
2020-07-02,5:29 am,8:30 pm,15:01:20,−0:41,1:00 pm,94.507,2020
2020-07-03,5:30 am,8:30 pm,15:00:35,−0:44,1:00 pm,94.508,2020
2020-07-04,5:30 am,8:30 pm,14:59:47,−0:48,1:00 pm,94.508,2020
2020-07-05,5:31 am,8:30 pm,14:58:55,−0:51,1:00 pm,94.507,2020
2020-07-06,5:31 am,8:29 pm,14:58:01,−0:54,1:00 pm,94.507,2020
2020-07-07,5:32 am,8:29 pm,14:57:02,−0:58,1:01 pm,94.506,2020
2020-07-08,5:33 am,8:29 pm,14:56:01,−1:01,1:01 pm,94.505,2020
2020-07-09,5:33 am,8:28 pm,14:54:56,−1:04,1:01 pm,94.503,2020
2020-07-10,5:34 am,8:28 pm,14:53:48,−1:07,1:01 pm,94.501,2020
2020-07-11,5:35 am,8:27 pm,14:52:37,−1:10,1:01 pm,94.499,2020
2020-07-12,5:35 am,8:27 pm,14:51:23,−1:14,1:01 pm,94.496,2020
2020-07-13,5:36 am,8:26 pm,14:50:06,−1:17,1:01 pm,94.493,2020
2020-07-14,5:37 am,8:26 pm,14:48:46,−1:19,1:01 pm,94.49,2020
2020-07-15,5:38 am,8:25 pm,14:47:23,−1:22,1:02 pm,94.485,2020
2020-07-16,5:38 am,8:24 pm,14:45:58,−1:25,1:02 pm,94.481,2020
2020-07-17,5:39 am,8:24 pm,14:44:29,−1:28,1:02 pm,94.476,2020
2020-07-18,5:40 am,8:23 pm,14:42:58,−1:31,1:02 pm,94.47,2020
2020-07-19,5:41 am,8:22 pm,14:41:24,−1:33,1:02 pm,94.464,2020
2020-07-20,5:42 am,8:22 pm,14:39:48,−1:36,1:02 pm,94.457,2020
2020-07-21,5:43 am,8:21 pm,14:38:09,−1:38,1:02 pm,94.45,2020
2020-07-22,5:44 am,8:20 pm,14:36:27,−1:41,1:02 pm,94.442,2020
2020-07-23,5:44 am,8:19 pm,14:34:44,−1:43,1:02 pm,94.434,2020
2020-07-24,5:45 am,8:18 pm,14:32:57,−1:46,1:02 pm,94.425,2020
2020-07-25,5:46 am,8:17 pm,14:31:09,−1:48,1:02 pm,94.415,2020
2020-07-26,5:47 am,8:16 pm,14:29:19,−1:50,1:02 pm,94.405,2020
2020-07-27,5:48 am,8:16 pm,14:27:26,−1:52,1:02 pm,94.395,2020
2020-07-28,5:49 am,8:15 pm,14:25:31,−1:54,1:02 pm,94.384,2020
2020-07-29,5:50 am,8:14 pm,14:23:34,−1:56,1:02 pm,94.373,2020
2020-07-30,5:51 am,8:12 pm,14:21:36,−1:58,1:02 pm,94.361,2020
2020-07-31,5:52 am,8:11 pm,14:19:35,−2:00,1:02 pm,94.349,2020
2020-08-01,5:53 am,8:10 pm,14:17:33,−2:02,1:02 pm,94.337,2020
2020-08-02,5:54 am,8:09 pm,14:15:28,−2:04,1:02 pm,94.325,2020
2020-08-03,5:55 am,8:08 pm,14:13:23,−2:05,1:02 pm,94.312,2020
2020-08-04,5:56 am,8:07 pm,14:11:15,−2:07,1:02 pm,94.299,2020
2020-08-05,5:57 am,8:06 pm,14:09:06,−2:09,1:01 pm,94.286,2020
2020-08-06,5:58 am,8:05 pm,14:06:55,−2:10,1:01 pm,94.273,2020
2020-08-07,5:59 am,8:03 pm,14:04:43,−2:12,1:01 pm,94.259,2020
2020-08-08,6:00 am,8:02 pm,14:02:29,−2:13,1:01 pm,94.245,2020
2020-08-09,6:01 am,8:01 pm,14:00:14,−2:15,1:01 pm,94.231,2020
2020-08-10,6:01 am,7:59 pm,13:57:58,−2:16,1:01 pm,94.216,2020
2020-08-11,6:02 am,7:58 pm,13:55:40,−2:17,1:01 pm,94.201,2020
2020-08-12,6:03 am,7:57 pm,13:53:21,−2:18,1:00 pm,94.185,2020
2020-08-13,6:04 am,7:55 pm,13:51:01,−2:20,1:00 pm,94.17,2020
2020-08-14,6:05 am,7:54 pm,13:48:40,−2:21,1:00 pm,94.154,2020
2020-08-15,6:06 am,7:53 pm,13:46:18,−2:22,1:00 pm,94.137,2020
2020-08-16,6:07 am,7:51 pm,13:43:54,−2:23,1:00 pm,94.12,2020
2020-08-17,6:08 am,7:50 pm,13:41:30,−2:24,12:59 pm,94.102,2020
2020-08-18,6:09 am,7:48 pm,13:39:04,−2:25,12:59 pm,94.085,2020
2020-08-19,6:10 am,7:47 pm,13:36:38,−2:26,12:59 pm,94.066,2020
2020-08-20,6:11 am,7:46 pm,13:34:11,−2:27,12:59 pm,94.047,2020
2020-08-21,6:12 am,7:44 pm,13:31:43,−2:28,12:59 pm,94.028,2020
2020-08-22,6:13 am,7:43 pm,13:29:14,−2:28,12:58 pm,94.008,2020
2020-08-23,6:14 am,7:41 pm,13:26:44,−2:29,12:58 pm,93.988,2020
2020-08-24,6:15 am,7:39 pm,13:24:13,−2:30,12:58 pm,93.968,2020
2020-08-25,6:16 am,7:38 pm,13:21:42,−2:31,12:57 pm,93.947,2020
2020-08-26,6:17 am,7:36 pm,13:19:10,−2:31,12:57 pm,93.926,2020
2020-08-27,6:18 am,7:35 pm,13:16:38,−2:32,12:57 pm,93.904,2020
2020-08-28,6:19 am,7:33 pm,13:14:05,−2:33,12:57 pm,93.883,2020
2020-08-29,6:20 am,7:32 pm,13:11:31,−2:33,12:56 pm,93.861,2020
2020-08-30,6:21 am,7:30 pm,13:08:57,−2:34,12:56 pm,93.839,2020
2020-08-31,6:22 am,7:28 pm,13:06:22,−2:34,12:56 pm,93.817,2020
2020-09-01,6:23 am,7:27 pm,13:03:47,−2:35,12:55 pm,93.794,2020
2020-09-02,6:24 am,7:25 pm,13:01:11,−2:35,12:55 pm,93.772,2020
2020-09-03,6:25 am,7:24 pm,12:58:35,−2:36,12:55 pm,93.749,2020
2020-09-04,6:26 am,7:22 pm,12:55:59,−2:36,12:54 pm,93.727,2020
2020-09-05,6:27 am,7:20 pm,12:53:22,−2:36,12:54 pm,93.704,2020
2020-09-06,6:28 am,7:19 pm,12:50:44,−2:37,12:54 pm,93.681,2020
2020-09-07,6:29 am,7:17 pm,12:48:07,−2:37,12:53 pm,93.658,2020
2020-09-08,6:30 am,7:15 pm,12:45:29,−2:38,12:53 pm,93.635,2020
2020-09-09,6:31 am,7:14 pm,12:42:50,−2:38,12:53 pm,93.611,2020
2020-09-10,6:32 am,7:12 pm,12:40:12,−2:38,12:52 pm,93.588,2020
2020-09-11,6:33 am,7:10 pm,12:37:33,−2:38,12:52 pm,93.564,2020
2020-09-12,6:34 am,7:09 pm,12:34:53,−2:39,12:52 pm,93.54,2020
2020-09-13,6:35 am,7:07 pm,12:32:14,−2:39,12:51 pm,93.516,2020
2020-09-14,6:36 am,7:05 pm,12:29:34,−2:39,12:51 pm,93.491,2020
2020-09-15,6:37 am,7:04 pm,12:26:55,−2:39,12:50 pm,93.467,2020
2020-09-16,6:38 am,7:02 pm,12:24:15,−2:40,12:50 pm,93.442,2020
2020-09-17,6:39 am,7:00 pm,12:21:34,−2:40,12:50 pm,93.416,2020
2020-09-18,6:40 am,6:59 pm,12:18:54,−2:40,12:49 pm,93.391,2020
2020-09-19,6:41 am,6:57 pm,12:16:14,−2:40,12:49 pm,93.365,2020
2020-09-20,6:42 am,6:55 pm,12:13:33,−2:40,12:49 pm,93.339,2020
2020-09-21,6:43 am,6:53 pm,12:10:53,−2:40,12:48 pm,93.312,2020
2020-09-22,6:44 am,6:52 pm,12:08:12,−2:40,12:48 pm,93.286,2020
2020-09-23,6:45 am,6:50 pm,12:05:31,−2:40,12:48 pm,93.259,2020
2020-09-24,6:46 am,6:48 pm,12:02:51,−2:40,12:47 pm,93.232,2020
2020-09-25,6:47 am,6:47 pm,12:00:10,−2:40,12:47 pm,93.206,2020
2020-09-26,6:48 am,6:45 pm,11:57:30,−2:40,12:47 pm,93.179,2020
2020-09-27,6:49 am,6:43 pm,11:54:49,−2:40,12:46 pm,93.152,2020
2020-09-28,6:50 am,6:42 pm,11:52:09,−2:40,12:46 pm,93.125,2020
2020-09-29,6:51 am,6:40 pm,11:49:28,−2:40,12:46 pm,93.098,2020
2020-09-30,6:52 am,6:38 pm,11:46:48,−2:40,12:45 pm,93.071,2020
2021-06-01,5:27 am,8:21 pm,14:54:11,+1:10,12:53 pm,94.268,2021
2021-06-02,5:26 am,8:21 pm,14:55:18,+1:07,12:54 pm,94.282,2021
2021-06-03,5:26 am,8:22 pm,14:56:22,+1:03,12:54 pm,94.297,2021
2021-06-04,5:25 am,8:23 pm,14:57:23,+1:00,12:54 pm,94.31,2021
2021-06-05,5:25 am,8:23 pm,14:58:20,+0:57,12:54 pm,94.324,2021
2021-06-06,5:25 am,8:24 pm,14:59:14,+0:54,12:54 pm,94.336,2021
2021-06-07,5:25 am,8:25 pm,15:00:05,+0:50,12:54 pm,94.349,2021
2021-06-08,5:24 am,8:25 pm,15:00:52,+0:47,12:55 pm,94.36,2021
2021-06-09,5:24 am,8:26 pm,15:01:36,+0:43,12:55 pm,94.372,2021
2021-06-10,5:24 am,8:26 pm,15:02:16,+0:40,12:55 pm,94.382,2021
2021-06-11,5:24 am,8:27 pm,15:02:52,+0:36,12:55 pm,94.393,2021
2021-06-12,5:24 am,8:27 pm,15:03:25,+0:32,12:55 pm,94.402,2021
2021-06-13,5:24 am,8:28 pm,15:03:55,+0:29,12:56 pm,94.411,2021
2021-06-14,5:24 am,8:28 pm,15:04:20,+0:25,12:56 pm,94.42,2021
2021-06-15,5:24 am,8:29 pm,15:04:42,+0:22,12:56 pm,94.428,2021
2021-06-16,5:24 am,8:29 pm,15:05:01,+0:18,12:56 pm,94.436,2021
2021-06-17,5:24 am,8:29 pm,15:05:15,+0:14,12:57 pm,94.443,2021
2021-06-18,5:24 am,8:30 pm,15:05:26,+0:10,12:57 pm,94.45,2021
2021-06-19,5:24 am,8:30 pm,15:05:33,+0:07,12:57 pm,94.456,2021
2021-06-20,5:24 am,8:30 pm,15:05:37,+0:03,12:57 pm,94.462,2021
2021-06-21,5:25 am,8:30 pm,15:05:37,< 1s,12:57 pm,94.468,2021
2021-06-22,5:25 am,8:30 pm,15:05:33,−0:04,12:58 pm,94.473,2021
2021-06-23,5:25 am,8:31 pm,15:05:25,−0:07,12:58 pm,94.478,2021
2021-06-24,5:25 am,8:31 pm,15:05:13,−0:11,12:58 pm,94.483,2021
2021-06-25,5:26 am,8:31 pm,15:04:58,−0:15,12:58 pm,94.487,2021
2021-06-26,5:26 am,8:31 pm,15:04:40,−0:18,12:58 pm,94.491,2021
2021-06-27,5:27 am,8:31 pm,15:04:17,−0:22,12:59 pm,94.495,2021
2021-06-28,5:27 am,8:31 pm,15:03:51,−0:26,12:59 pm,94.498,2021
2021-06-29,5:27 am,8:31 pm,15:03:21,−0:29,12:59 pm,94.501,2021
2021-06-30,5:28 am,8:31 pm,15:02:48,−0:33,12:59 pm,94.504,2021
2021-07-01,5:28 am,8:30 pm,15:02:11,−0:36,12:59 pm,94.506,2021
2021-07-02,5:29 am,8:30 pm,15:01:31,−0:40,1:00 pm,94.508,2021
2021-07-03,5:29 am,8:30 pm,15:00:47,−0:43,1:00 pm,94.51,2021
2021-07-04,5:30 am,8:30 pm,15:00:00,−0:47,1:00 pm,94.51,2021
2021-07-05,5:31 am,8:30 pm,14:59:09,−0:50,1:00 pm,94.511,2021
2021-07-06,5:31 am,8:29 pm,14:58:15,−0:54,1:00 pm,94.511,2021
2021-07-07,5:32 am,8:29 pm,14:57:17,−0:57,1:01 pm,94.51,2021
2021-07-08,5:32 am,8:29 pm,14:56:17,−1:00,1:01 pm,94.509,2021
2021-07-09,5:33 am,8:28 pm,14:55:13,−1:03,1:01 pm,94.507,2021
2021-07-10,5:34 am,8:28 pm,14:54:05,−1:07,1:01 pm,94.505,2021
2021-07-11,5:34 am,8:27 pm,14:52:55,−1:10,1:01 pm,94.502,2021
2021-07-12,5:35 am,8:27 pm,14:51:42,−1:13,1:01 pm,94.498,2021
2021-07-13,5:36 am,8:26 pm,14:50:25,−1:16,1:01 pm,94.494,2021
2021-07-14,5:37 am,8:26 pm,14:49:06,−1:19,1:01 pm,94.49,2021
2021-07-15,5:38 am,8:25 pm,14:47:44,−1:22,1:02 pm,94.485,2021
2021-07-16,5:38 am,8:25 pm,14:46:19,−1:25,1:02 pm,94.479,2021
2021-07-17,5:39 am,8:24 pm,14:44:51,−1:27,1:02 pm,94.473,2021
2021-07-18,5:40 am,8:23 pm,14:43:20,−1:30,1:02 pm,94.467,2021
2021-07-19,5:41 am,8:23 pm,14:41:47,−1:33,1:02 pm,94.46,2021
2021-07-20,5:42 am,8:22 pm,14:40:11,−1:35,1:02 pm,94.453,2021
2021-07-21,5:42 am,8:21 pm,14:38:33,−1:38,1:02 pm,94.445,2021
2021-07-22,5:43 am,8:20 pm,14:36:52,−1:40,1:02 pm,94.437,2021
2021-07-23,5:44 am,8:19 pm,14:35:09,−1:43,1:02 pm,94.429,2021
2021-07-24,5:45 am,8:19 pm,14:33:24,−1:45,1:02 pm,94.421,2021
2021-07-25,5:46 am,8:18 pm,14:31:36,−1:47,1:02 pm,94.412,2021
2021-07-26,5:47 am,8:17 pm,14:29:46,−1:49,1:02 pm,94.403,2021
2021-07-27,5:48 am,8:16 pm,14:27:54,−1:52,1:02 pm,94.394,2021
2021-07-28,5:49 am,8:15 pm,14:26:00,−1:54,1:02 pm,94.384,2021
2021-07-29,5:50 am,8:14 pm,14:24:03,−1:56,1:02 pm,94.374,2021
2021-07-30,5:51 am,8:13 pm,14:22:05,−1:58,1:02 pm,94.364,2021
2021-07-31,5:52 am,8:12 pm,14:20:05,−2:00,1:02 pm,94.353,2021
2021-08-01,5:53 am,8:11 pm,14:18:03,−2:01,1:02 pm,94.342,2021
2021-08-02,5:53 am,8:09 pm,14:15:59,−2:03,1:02 pm,94.331,2021
2021-08-03,5:54 am,8:08 pm,14:13:54,−2:05,1:02 pm,94.319,2021
2021-08-04,5:55 am,8:07 pm,14:11:47,−2:07,1:02 pm,94.306,2021
2021-08-05,5:56 am,8:06 pm,14:09:38,−2:08,1:01 pm,94.293,2021
2021-08-06,5:57 am,8:05 pm,14:07:27,−2:10,1:01 pm,94.28,2021
2021-08-07,5:58 am,8:04 pm,14:05:16,−2:11,1:01 pm,94.266,2021
2021-08-08,5:59 am,8:02 pm,14:03:02,−2:13,1:01 pm,94.252,2021
2021-08-09,6:00 am,8:01 pm,14:00:47,−2:14,1:01 pm,94.237,2021
2021-08-10,6:01 am,8:00 pm,13:58:31,−2:16,1:01 pm,94.221,2021
2021-08-11,6:02 am,7:58 pm,13:56:14,−2:17,1:01 pm,94.205,2021
2021-08-12,6:03 am,7:57 pm,13:53:55,−2:18,1:01 pm,94.189,2021
2021-08-13,6:04 am,7:56 pm,13:51:35,−2:19,1:00 pm,94.172,2021
2021-08-14,6:05 am,7:54 pm,13:49:14,−2:21,1:00 pm,94.155,2021
2021-08-15,6:06 am,7:53 pm,13:46:52,−2:22,1:00 pm,94.138,2021
2021-08-16,6:07 am,7:52 pm,13:44:29,−2:23,1:00 pm,94.12,2021
2021-08-17,6:08 am,7:50 pm,13:42:05,−2:24,1:00 pm,94.102,2021
2021-08-18,6:09 am,7:49 pm,13:39:39,−2:25,12:59 pm,94.083,2021
2021-08-19,6:10 am,7:47 pm,13:37:13,−2:26,12:59 pm,94.064,2021
2021-08-20,6:11 am,7:46 pm,13:34:46,−2:26,12:59 pm,94.045,2021
2021-08-21,6:12 am,7:44 pm,13:32:18,−2:27,12:59 pm,94.026,2021
2021-08-22,6:13 am,7:43 pm,13:29:50,−2:28,12:58 pm,94.007,2021
2021-08-23,6:14 am,7:41 pm,13:27:20,−2:29,12:58 pm,93.988,2021
2021-08-24,6:15 am,7:40 pm,13:24:50,−2:30,12:58 pm,93.968,2021
2021-08-25,6:16 am,7:38 pm,13:22:19,−2:30,12:57 pm,93.948,2021
2021-08-26,6:17 am,7:37 pm,13:19:48,−2:31,12:57 pm,93.928,2021
2021-08-27,6:18 am,7:35 pm,13:17:15,−2:32,12:57 pm,93.908,2021
2021-08-28,6:19 am,7:34 pm,13:14:42,−2:32,12:57 pm,93.887,2021
2021-08-29,6:20 am,7:32 pm,13:12:09,−2:33,12:56 pm,93.867,2021
2021-08-30,6:21 am,7:30 pm,13:09:35,−2:34,12:56 pm,93.846,2021
2021-08-31,6:22 am,7:29 pm,13:07:00,−2:34,12:56 pm,93.825,2021
2021-09-01,6:23 am,7:27 pm,13:04:25,−2:35,12:55 pm,93.803,2021
2021-09-02,6:24 am,7:26 pm,13:01:49,−2:35,12:55 pm,93.781,2021
2021-09-03,6:25 am,7:24 pm,12:59:13,−2:36,12:55 pm,93.759,2021
2021-09-04,6:26 am,7:22 pm,12:56:37,−2:36,12:54 pm,93.737,2021
2021-09-05,6:27 am,7:21 pm,12:54:00,−2:36,12:54 pm,93.714,2021
2021-09-06,6:28 am,7:19 pm,12:51:22,−2:37,12:54 pm,93.691,2021
2021-09-07,6:29 am,7:17 pm,12:48:45,−2:37,12:53 pm,93.667,2021
2021-09-08,6:30 am,7:16 pm,12:46:07,−2:38,12:53 pm,93.643,2021
2021-09-09,6:31 am,7:14 pm,12:43:28,−2:38,12:53 pm,93.619,2021
2021-09-10,6:32 am,7:12 pm,12:40:50,−2:38,12:52 pm,93.595,2021
2021-09-11,6:33 am,7:11 pm,12:38:11,−2:38,12:52 pm,93.57,2021
2021-09-12,6:34 am,7:09 pm,12:35:31,−2:39,12:52 pm,93.545,2021
2021-09-13,6:35 am,7:07 pm,12:32:52,−2:39,12:51 pm,93.52,2021
2021-09-14,6:36 am,7:06 pm,12:30:12,−2:39,12:51 pm,93.494,2021
2021-09-15,6:36 am,7:04 pm,12:27:33,−2:39,12:51 pm,93.469,2021
2021-09-16,6:37 am,7:02 pm,12:24:53,−2:39,12:50 pm,93.443,2021
2021-09-17,6:38 am,7:01 pm,12:22:13,−2:40,12:50 pm,93.417,2021
2021-09-18,6:39 am,6:59 pm,12:19:33,−2:40,12:50 pm,93.392,2021
2021-09-19,6:40 am,6:57 pm,12:16:52,−2:40,12:49 pm,93.366,2021
2021-09-20,6:41 am,6:56 pm,12:14:12,−2:40,12:49 pm,93.34,2021
2021-09-21,6:42 am,6:54 pm,12:11:31,−2:40,12:48 pm,93.314,2021
2021-09-22,6:43 am,6:52 pm,12:08:51,−2:40,12:48 pm,93.289,2021
2021-09-23,6:44 am,6:51 pm,12:06:10,−2:40,12:48 pm,93.263,2021
2021-09-24,6:45 am,6:49 pm,12:03:30,−2:40,12:47 pm,93.237,2021
2021-09-25,6:46 am,6:47 pm,12:00:49,−2:40,12:47 pm,93.211,2021
2021-09-26,6:47 am,6:45 pm,11:58:09,−2:40,12:47 pm,93.185,2021
2021-09-27,6:48 am,6:44 pm,11:55:28,−2:40,12:46 pm,93.16,2021
2021-09-28,6:49 am,6:42 pm,11:52:48,−2:40,12:46 pm,93.134,2021
2021-09-29,6:50 am,6:40 pm,11:50:07,−2:40,12:46 pm,93.108,2021
2021-09-30,6:51 am,6:39 pm,11:47:27,−2:40,12:45 pm,93.082,2021
2022-06-01,5:27 am,8:21 pm,14:53:55,+1:11,12:53 pm,94.264,2022
2022-06-02,5:26 am,8:21 pm,14:55:03,+1:07,12:54 pm,94.278,2022
2022-06-03,5:26 am,8:22 pm,14:56:08,+1:04,12:54 pm,94.291,2022
2022-06-04,5:26 am,8:23 pm,14:57:10,+1:01,12:54 pm,94.304,2022
2022-06-05,5:25 am,8:23 pm,14:58:08,+0:58,12:54 pm,94.316,2022
2022-06-06,5:25 am,8:24 pm,14:59:03,+0:54,12:54 pm,94.328,2022
2022-06-07,5:25 am,8:25 pm,14:59:54,+0:51,12:54 pm,94.34,2022
2022-06-08,5:24 am,8:25 pm,15:00:42,+0:47,12:55 pm,94.351,2022
2022-06-09,5:24 am,8:26 pm,15:01:26,+0:44,12:55 pm,94.362,2022
2022-06-10,5:24 am,8:26 pm,15:02:07,+0:40,12:55 pm,94.372,2022
2022-06-11,5:24 am,8:27 pm,15:02:44,+0:37,12:55 pm,94.382,2022
2022-06-12,5:24 am,8:27 pm,15:03:18,+0:33,12:55 pm,94.392,2022
2022-06-13,5:24 am,8:28 pm,15:03:48,+0:30,12:56 pm,94.401,2022
2022-06-14,5:24 am,8:28 pm,15:04:15,+0:26,12:56 pm,94.411,2022
2022-06-15,5:24 am,8:28 pm,15:04:38,+0:22,12:56 pm,94.42,2022
2022-06-16,5:24 am,8:29 pm,15:04:57,+0:19,12:56 pm,94.428,2022
2022-06-17,5:24 am,8:29 pm,15:05:12,+0:15,12:57 pm,94.437,2022
2022-06-18,5:24 am,8:29 pm,15:05:24,+0:11,12:57 pm,94.445,2022
2022-06-19,5:24 am,8:30 pm,15:05:32,+0:08,12:57 pm,94.453,2022
2022-06-20,5:24 am,8:30 pm,15:05:37,+0:04,12:57 pm,94.46,2022
2022-06-21,5:25 am,8:30 pm,15:05:37,< 1s,12:57 pm,94.467,2022
2022-06-22,5:25 am,8:30 pm,15:05:34,−0:03,12:58 pm,94.473,2022
2022-06-23,5:25 am,8:31 pm,15:05:27,−0:06,12:58 pm,94.479,2022
2022-06-24,5:25 am,8:31 pm,15:05:17,−0:10,12:58 pm,94.485,2022
2022-06-25,5:26 am,8:31 pm,15:05:03,−0:14,12:58 pm,94.49,2022
2022-06-26,5:26 am,8:31 pm,15:04:45,−0:17,12:58 pm,94.494,2022
2022-06-27,5:26 am,8:31 pm,15:04:23,−0:21,12:59 pm,94.498,2022
2022-06-28,5:27 am,8:31 pm,15:03:58,−0:25,12:59 pm,94.501,2022
2022-06-29,5:27 am,8:31 pm,15:03:29,−0:28,12:59 pm,94.504,2022
2022-06-30,5:28 am,8:31 pm,15:02:57,−0:32,12:59 pm,94.506,2022
2022-07-01,5:28 am,8:31 pm,15:02:21,−0:36,12:59 pm,94.508,2022
2022-07-02,5:29 am,8:30 pm,15:01:41,−0:39,1:00 pm,94.509,2022
2022-07-03,5:29 am,8:30 pm,15:00:58,−0:43,1:00 pm,94.51,2022
2022-07-04,5:30 am,8:30 pm,15:00:11,−0:46,1:00 pm,94.51,2022
2022-07-05,5:30 am,8:30 pm,14:59:21,−0:49,1:00 pm,94.509,2022
2022-07-06,5:31 am,8:29 pm,14:58:28,−0:53,1:00 pm,94.508,2022
2022-07-07,5:32 am,8:29 pm,14:57:31,−0:56,1:01 pm,94.507,2022
2022-07-08,5:32 am,8:29 pm,14:56:31,−1:00,1:01 pm,94.505,2022
2022-07-09,5:33 am,8:28 pm,14:55:28,−1:03,1:01 pm,94.503,2022
2022-07-10,5:34 am,8:28 pm,14:54:22,−1:06,1:01 pm,94.5,2022
2022-07-11,5:34 am,8:28 pm,14:53:12,−1:09,1:01 pm,94.497,2022
2022-07-12,5:35 am,8:27 pm,14:51:59,−1:12,1:01 pm,94.494,2022
2022-07-13,5:36 am,8:27 pm,14:50:44,−1:15,1:01 pm,94.49,2022
2022-07-14,5:37 am,8:26 pm,14:49:25,−1:18,1:01 pm,94.487,2022
2022-07-15,5:37 am,8:25 pm,14:48:04,−1:21,1:02 pm,94.483,2022
2022-07-16,5:38 am,8:25 pm,14:46:39,−1:24,1:02 pm,94.478,2022
2022-07-17,5:39 am,8:24 pm,14:45:12,−1:27,1:02 pm,94.473,2022
2022-07-18,5:40 am,8:23 pm,14:43:42,−1:29,1:02 pm,94.468,2022
2022-07-19,5:41 am,8:23 pm,14:42:10,−1:32,1:02 pm,94.463,2022
2022-07-20,5:41 am,8:22 pm,14:40:35,−1:35,1:02 pm,94.457,2022
2022-07-21,5:42 am,8:21 pm,14:38:57,−1:37,1:02 pm,94.451,2022
2022-07-22,5:43 am,8:20 pm,14:37:17,−1:40,1:02 pm,94.444,2022
2022-07-23,5:44 am,8:20 pm,14:35:34,−1:42,1:02 pm,94.436,2022
2022-07-24,5:45 am,8:19 pm,14:33:49,−1:44,1:02 pm,94.429,2022
2022-07-25,5:46 am,8:18 pm,14:32:02,−1:47,1:02 pm,94.42,2022
2022-07-26,5:47 am,8:17 pm,14:30:12,−1:49,1:02 pm,94.412,2022
2022-07-27,5:48 am,8:16 pm,14:28:21,−1:51,1:02 pm,94.402,2022
2022-07-28,5:49 am,8:15 pm,14:26:27,−1:53,1:02 pm,94.392,2022
2022-07-29,5:49 am,8:14 pm,14:24:31,−1:55,1:02 pm,94.382,2022
2022-07-30,5:50 am,8:13 pm,14:22:33,−1:57,1:02 pm,94.371,2022
2022-07-31,5:51 am,8:12 pm,14:20:33,−1:59,1:02 pm,94.36,2022
2022-08-01,5:52 am,8:11 pm,14:18:32,−2:01,1:02 pm,94.348,2022
2022-08-02,5:53 am,8:10 pm,14:16:28,−2:03,1:02 pm,94.335,2022
2022-08-03,5:54 am,8:09 pm,14:14:23,−2:05,1:02 pm,94.323,2022
2022-08-04,5:55 am,8:07 pm,14:12:16,−2:06,1:02 pm,94.309,2022
2022-08-05,5:56 am,8:06 pm,14:10:08,−2:08,1:02 pm,94.296,2022
2022-08-06,5:57 am,8:05 pm,14:07:58,−2:10,1:01 pm,94.281,2022
2022-08-07,5:58 am,8:04 pm,14:05:46,−2:11,1:01 pm,94.267,2022
2022-08-08,5:59 am,8:03 pm,14:03:33,−2:13,1:01 pm,94.252,2022
2022-08-09,6:00 am,8:01 pm,14:01:19,−2:14,1:01 pm,94.237,2022
2022-08-10,6:01 am,8:00 pm,13:59:03,−2:15,1:01 pm,94.222,2022
2022-08-11,6:02 am,7:59 pm,13:56:46,−2:17,1:01 pm,94.206,2022
2022-08-12,6:03 am,7:57 pm,13:54:28,−2:18,1:01 pm,94.191,2022
2022-08-13,6:04 am,7:56 pm,13:52:08,−2:19,1:00 pm,94.175,2022
2022-08-14,6:05 am,7:55 pm,13:49:48,−2:20,1:00 pm,94.159,2022
2022-08-15,6:06 am,7:53 pm,13:47:26,−2:21,1:00 pm,94.142,2022
2022-08-16,6:07 am,7:52 pm,13:45:03,−2:22,1:00 pm,94.125,2022
2022-08-17,6:08 am,7:51 pm,13:42:39,−2:23,1:00 pm,94.108,2022
2022-08-18,6:09 am,7:49 pm,13:40:14,−2:24,12:59 pm,94.091,2022
2022-08-19,6:10 am,7:48 pm,13:37:48,−2:25,12:59 pm,94.074,2022
2022-08-20,6:11 am,7:46 pm,13:35:22,−2:26,12:59 pm,94.056,2022
2022-08-21,6:12 am,7:45 pm,13:32:54,−2:27,12:59 pm,94.038,2022
2022-08-22,6:13 am,7:43 pm,13:30:25,−2:28,12:58 pm,94.019,2022
2022-08-23,6:14 am,7:42 pm,13:27:56,−2:29,12:58 pm,94.0,2022
2022-08-24,6:15 am,7:40 pm,13:25:26,−2:30,12:58 pm,93.98,2022
2022-08-25,6:16 am,7:39 pm,13:22:55,−2:30,12:58 pm,93.961,2022
2022-08-26,6:17 am,7:37 pm,13:20:24,−2:31,12:57 pm,93.94,2022
2022-08-27,6:18 am,7:36 pm,13:17:51,−2:32,12:57 pm,93.92,2022
2022-08-28,6:19 am,7:34 pm,13:15:18,−2:32,12:57 pm,93.899,2022
2022-08-29,6:20 am,7:32 pm,13:12:45,−2:33,12:56 pm,93.877,2022
2022-08-30,6:21 am,7:31 pm,13:10:11,−2:34,12:56 pm,93.856,2022
2022-08-31,6:22 am,7:29 pm,13:07:36,−2:34,12:56 pm,93.833,2022
2022-09-01,6:23 am,7:28 pm,13:05:01,−2:35,12:55 pm,93.811,2022
2022-09-02,6:24 am,7:26 pm,13:02:26,−2:35,12:55 pm,93.788,2022
2022-09-03,6:25 am,7:24 pm,12:59:50,−2:36,12:55 pm,93.765,2022
2022-09-04,6:26 am,7:23 pm,12:57:13,−2:36,12:55 pm,93.742,2022
2022-09-05,6:27 am,7:21 pm,12:54:36,−2:36,12:54 pm,93.718,2022
2022-09-06,6:28 am,7:19 pm,12:51:59,−2:37,12:54 pm,93.694,2022
2022-09-07,6:28 am,7:18 pm,12:49:22,−2:37,12:53 pm,93.671,2022
2022-09-08,6:29 am,7:16 pm,12:46:44,−2:37,12:53 pm,93.647,2022
2022-09-09,6:30 am,7:15 pm,12:44:06,−2:38,12:53 pm,93.623,2022
2022-09-10,6:31 am,7:13 pm,12:41:27,−2:38,12:52 pm,93.599,2022
2022-09-11,6:32 am,7:11 pm,12:38:49,−2:38,12:52 pm,93.575,2022
2022-09-12,6:33 am,7:09 pm,12:36:10,−2:38,12:52 pm,93.55,2022
2022-09-13,6:34 am,7:08 pm,12:33:30,−2:39,12:51 pm,93.526,2022
2022-09-14,6:35 am,7:06 pm,12:30:51,−2:39,12:51 pm,93.502,2022
2022-09-15,6:36 am,7:04 pm,12:28:11,−2:39,12:51 pm,93.477,2022
2022-09-16,6:37 am,7:03 pm,12:25:31,−2:39,12:50 pm,93.453,2022
2022-09-17,6:38 am,7:01 pm,12:22:51,−2:40,12:50 pm,93.428,2022
2022-09-18,6:39 am,6:59 pm,12:20:11,−2:40,12:50 pm,93.403,2022
2022-09-19,6:40 am,6:58 pm,12:17:31,−2:40,12:49 pm,93.379,2022
2022-09-20,6:41 am,6:56 pm,12:14:50,−2:40,12:49 pm,93.353,2022
2022-09-21,6:42 am,6:54 pm,12:12:10,−2:40,12:49 pm,93.328,2022
2022-09-22,6:43 am,6:53 pm,12:09:29,−2:40,12:48 pm,93.303,2022
2022-09-23,6:44 am,6:51 pm,12:06:49,−2:40,12:48 pm,93.277,2022
2022-09-24,6:45 am,6:49 pm,12:04:08,−2:40,12:47 pm,93.251,2022
2022-09-25,6:46 am,6:48 pm,12:01:27,−2:40,12:47 pm,93.225,2022
2022-09-26,6:47 am,6:46 pm,11:58:47,−2:40,12:47 pm,93.199,2022
2022-09-27,6:48 am,6:44 pm,11:56:06,−2:40,12:46 pm,93.172,2022
2022-09-28,6:49 am,6:43 pm,11:53:26,−2:40,12:46 pm,93.145,2022
2022-09-29,6:50 am,6:41 pm,11:50:45,−2:40,12:46 pm,93.119,2022
2022-09-30,6:51 am,6:39 pm,11:48:05,−2:40,12:45 pm,93.092,2022
2023-06-01,5:27 am,8:20 pm,14:53:39,+1:11,12:53 pm,94.254,2023
2023-06-02,5:26 am,8:21 pm,14:54:47,+1:08,12:54 pm,94.268,2023
2023-06-03,5:26 am,8:22 pm,14:55:53,+1:05,12:54 pm,94.282,2023
2023-06-04,5:26 am,8:23 pm,14:56:55,+1:02,12:54 pm,94.295,2023
2023-06-05,5:25 am,8:23 pm,14:57:54,+0:58,12:54 pm,94.309,2023
2023-06-06,5:25 am,8:24 pm,14:58:49,+0:55,12:54 pm,94.322,2023
2023-06-07,5:25 am,8:24 pm,14:59:42,+0:52,12:54 pm,94.334,2023
2023-06-08,5:24 am,8:25 pm,15:00:30,+0:48,12:55 pm,94.347,2023
2023-06-09,5:24 am,8:26 pm,15:01:16,+0:45,12:55 pm,94.359,2023
2023-06-10,5:24 am,8:26 pm,15:01:58,+0:41,12:55 pm,94.37,2023
2023-06-11,5:24 am,8:27 pm,15:02:36,+0:38,12:55 pm,94.382,2023
2023-06-12,5:24 am,8:27 pm,15:03:11,+0:34,12:55 pm,94.393,2023
2023-06-13,5:24 am,8:28 pm,15:03:42,+0:31,12:56 pm,94.403,2023
2023-06-14,5:24 am,8:28 pm,15:04:09,+0:27,12:56 pm,94.413,2023
2023-06-15,5:24 am,8:28 pm,15:04:33,+0:23,12:56 pm,94.422,2023
2023-06-16,5:24 am,8:29 pm,15:04:53,+0:20,12:56 pm,94.431,2023
2023-06-17,5:24 am,8:29 pm,15:05:09,+0:16,12:56 pm,94.439,2023
2023-06-18,5:24 am,8:29 pm,15:05:22,+0:12,12:57 pm,94.447,2023
2023-06-19,5:24 am,8:30 pm,15:05:31,+0:08,12:57 pm,94.454,2023
2023-06-20,5:24 am,8:30 pm,15:05:36,+0:05,12:57 pm,94.461,2023
2023-06-21,5:25 am,8:30 pm,15:05:38,+0:01,12:57 pm,94.467,2023
2023-06-22,5:25 am,8:30 pm,15:05:36,−0:02,12:58 pm,94.472,2023
2023-06-23,5:25 am,8:31 pm,15:05:30,−0:05,12:58 pm,94.478,2023
2023-06-24,5:25 am,8:31 pm,15:05:20,−0:09,12:58 pm,94.482,2023
2023-06-25,5:26 am,8:31 pm,15:05:07,−0:13,12:58 pm,94.486,2023
2023-06-26,5:26 am,8:31 pm,15:04:50,−0:17,12:58 pm,94.49,2023
2023-06-27,5:26 am,8:31 pm,15:04:29,−0:20,12:59 pm,94.493,2023
2023-06-28,5:27 am,8:31 pm,15:04:04,−0:24,12:59 pm,94.496,2023
2023-06-29,5:27 am,8:31 pm,15:03:36,−0:28,12:59 pm,94.498,2023
2023-06-30,5:28 am,8:31 pm,15:03:05,−0:31,12:59 pm,94.5,2023
2023-07-01,5:28 am,8:31 pm,15:02:30,−0:35,12:59 pm,94.502,2023
2023-07-02,5:29 am,8:30 pm,15:01:51,−0:38,1:00 pm,94.504,2023
2023-07-03,5:29 am,8:30 pm,15:01:09,−0:42,1:00 pm,94.505,2023
2023-07-04,5:30 am,8:30 pm,15:00:23,−0:45,1:00 pm,94.506,2023
2023-07-05,5:30 am,8:30 pm,14:59:34,−0:49,1:00 pm,94.506,2023
2023-07-06,5:31 am,8:30 pm,14:58:41,−0:52,1:00 pm,94.506,2023
2023-07-07,5:31 am,8:29 pm,14:57:46,−0:55,1:00 pm,94.506,2023
2023-07-08,5:32 am,8:29 pm,14:56:46,−0:59,1:01 pm,94.506,2023
2023-07-09,5:33 am,8:29 pm,14:55:44,−1:02,1:01 pm,94.505,2023
2023-07-10,5:33 am,8:28 pm,14:54:38,−1:05,1:01 pm,94.503,2023
2023-07-11,5:34 am,8:28 pm,14:53:30,−1:08,1:01 pm,94.502,2023
2023-07-12,5:35 am,8:27 pm,14:52:18,−1:11,1:01 pm,94.499,2023
2023-07-13,5:36 am,8:27 pm,14:51:03,−1:14,1:01 pm,94.497,2023
2023-07-14,5:36 am,8:26 pm,14:49:45,−1:17,1:01 pm,94.493,2023
2023-07-15,5:37 am,8:26 pm,14:48:24,−1:20,1:02 pm,94.489,2023
2023-07-16,5:38 am,8:25 pm,14:47:00,−1:23,1:02 pm,94.485,2023
2023-07-17,5:39 am,8:24 pm,14:45:34,−1:26,1:02 pm,94.48,2023
2023-07-18,5:40 am,8:24 pm,14:44:04,−1:29,1:02 pm,94.474,2023
2023-07-19,5:40 am,8:23 pm,14:42:33,−1:31,1:02 pm,94.468,2023
2023-07-20,5:41 am,8:22 pm,14:40:58,−1:34,1:02 pm,94.462,2023
2023-07-21,5:42 am,8:21 pm,14:39:21,−1:37,1:02 pm,94.455,2023
2023-07-22,5:43 am,8:21 pm,14:37:41,−1:39,1:02 pm,94.447,2023
2023-07-23,5:44 am,8:20 pm,14:35:59,−1:42,1:02 pm,94.439,2023
2023-07-24,5:45 am,8:19 pm,14:34:15,−1:44,1:02 pm,94.43,2023
2023-07-25,5:46 am,8:18 pm,14:32:28,−1:46,1:02 pm,94.421,2023
2023-07-26,5:47 am,8:17 pm,14:30:39,−1:48,1:02 pm,94.412,2023
2023-07-27,5:47 am,8:16 pm,14:28:48,−1:51,1:02 pm,94.402,2023
2023-07-28,5:48 am,8:15 pm,14:26:54,−1:53,1:02 pm,94.391,2023
2023-07-29,5:49 am,8:14 pm,14:24:59,−1:55,1:02 pm,94.381,2023
2023-07-30,5:50 am,8:13 pm,14:23:02,−1:57,1:02 pm,94.37,2023
2023-07-31,5:51 am,8:12 pm,14:21:03,−1:59,1:02 pm,94.359,2023
2023-08-01,5:52 am,8:11 pm,14:19:01,−2:01,1:02 pm,94.347,2023
2023-08-02,5:53 am,8:10 pm,14:16:59,−2:02,1:02 pm,94.335,2023
2023-08-03,5:54 am,8:09 pm,14:14:54,−2:04,1:02 pm,94.323,2023
2023-08-04,5:55 am,8:08 pm,14:12:48,−2:06,1:02 pm,94.311,2023
2023-08-05,5:56 am,8:07 pm,14:10:40,−2:07,1:02 pm,94.299,2023
2023-08-06,5:57 am,8:05 pm,14:08:30,−2:09,1:01 pm,94.286,2023
2023-08-07,5:58 am,8:04 pm,14:06:19,−2:11,1:01 pm,94.273,2023
2023-08-08,5:59 am,8:03 pm,14:04:06,−2:12,1:01 pm,94.259,2023
2023-08-09,6:00 am,8:02 pm,14:01:52,−2:14,1:01 pm,94.245,2023
2023-08-10,6:01 am,8:00 pm,13:59:37,−2:15,1:01 pm,94.231,2023
2023-08-11,6:02 am,7:59 pm,13:57:20,−2:16,1:01 pm,94.216,2023
2023-08-12,6:03 am,7:58 pm,13:55:02,−2:18,1:01 pm,94.201,2023
2023-08-13,6:04 am,7:56 pm,13:52:43,−2:19,1:00 pm,94.185,2023
2023-08-14,6:05 am,7:55 pm,13:50:22,−2:20,1:00 pm,94.169,2023
2023-08-15,6:06 am,7:54 pm,13:48:01,−2:21,1:00 pm,94.152,2023
2023-08-16,6:07 am,7:52 pm,13:45:38,−2:22,1:00 pm,94.135,2023
2023-08-17,6:08 am,7:51 pm,13:43:14,−2:23,1:00 pm,94.118,2023
2023-08-18,6:09 am,7:49 pm,13:40:49,−2:24,12:59 pm,94.1,2023
2023-08-19,6:10 am,7:48 pm,13:38:24,−2:25,12:59 pm,94.082,2023
2023-08-20,6:11 am,7:47 pm,13:35:57,−2:26,12:59 pm,94.063,2023
2023-08-21,6:12 am,7:45 pm,13:33:29,−2:27,12:59 pm,94.043,2023
2023-08-22,6:13 am,7:44 pm,13:31:01,−2:28,12:58 pm,94.024,2023
2023-08-23,6:14 am,7:42 pm,13:28:32,−2:29,12:58 pm,94.004,2023
2023-08-24,6:15 am,7:41 pm,13:26:02,−2:29,12:58 pm,93.984,2023
2023-08-25,6:16 am,7:39 pm,13:23:31,−2:30,12:58 pm,93.963,2023
2023-08-26,6:17 am,7:38 pm,13:21:00,−2:31,12:57 pm,93.942,2023
2023-08-27,6:18 am,7:36 pm,13:18:28,−2:31,12:57 pm,93.921,2023
2023-08-28,6:18 am,7:34 pm,13:15:55,−2:32,12:57 pm,93.9,2023
2023-08-29,6:19 am,7:33 pm,13:13:22,−2:33,12:56 pm,93.878,2023
2023-08-30,6:20 am,7:31 pm,13:10:48,−2:33,12:56 pm,93.857,2023
2023-08-31,6:21 am,7:30 pm,13:08:14,−2:34,12:56 pm,93.835,2023
2023-09-01,6:22 am,7:28 pm,13:05:39,−2:34,12:56 pm,93.813,2023
2023-09-02,6:23 am,7:26 pm,13:03:04,−2:35,12:55 pm,93.792,2023
2023-09-03,6:24 am,7:25 pm,13:00:28,−2:35,12:55 pm,93.77,2023
2023-09-04,6:25 am,7:23 pm,12:57:52,−2:36,12:55 pm,93.747,2023
2023-09-05,6:26 am,7:22 pm,12:55:15,−2:36,12:54 pm,93.725,2023
2023-09-06,6:27 am,7:20 pm,12:52:38,−2:37,12:54 pm,93.702,2023
2023-09-07,6:28 am,7:18 pm,12:50:01,−2:37,12:54 pm,93.68,2023
2023-09-08,6:29 am,7:17 pm,12:47:23,−2:37,12:53 pm,93.657,2023
2023-09-09,6:30 am,7:15 pm,12:44:45,−2:38,12:53 pm,93.633,2023
2023-09-10,6:31 am,7:13 pm,12:42:06,−2:38,12:53 pm,93.61,2023
2023-09-11,6:32 am,7:12 pm,12:39:27,−2:38,12:52 pm,93.586,2023
2023-09-12,6:33 am,7:10 pm,12:36:48,−2:39,12:52 pm,93.562,2023
2023-09-13,6:34 am,7:08 pm,12:34:09,−2:39,12:51 pm,93.538,2023
2023-09-14,6:35 am,7:07 pm,12:31:30,−2:39,12:51 pm,93.513,2023
2023-09-15,6:36 am,7:05 pm,12:28:50,−2:39,12:51 pm,93.488,2023
2023-09-16,6:37 am,7:03 pm,12:26:10,−2:39,12:50 pm,93.463,2023
2023-09-17,6:38 am,7:01 pm,12:23:30,−2:40,12:50 pm,93.437,2023
2023-09-18,6:39 am,7:00 pm,12:20:50,−2:40,12:50 pm,93.412,2023
2023-09-19,6:40 am,6:58 pm,12:18:09,−2:40,12:49 pm,93.386,2023
2023-09-20,6:41 am,6:56 pm,12:15:29,−2:40,12:49 pm,93.359,2023
2023-09-21,6:42 am,6:55 pm,12:12:48,−2:40,12:49 pm,93.333,2023
2023-09-22,6:43 am,6:53 pm,12:10:08,−2:40,12:48 pm,93.306,2023
2023-09-23,6:44 am,6:51 pm,12:07:27,−2:40,12:48 pm,93.28,2023
2023-09-24,6:45 am,6:50 pm,12:04:47,−2:40,12:48 pm,93.253,2023
2023-09-25,6:46 am,6:48 pm,12:02:06,−2:40,12:47 pm,93.226,2023
2023-09-26,6:47 am,6:46 pm,11:59:26,−2:40,12:47 pm,93.2,2023
2023-09-27,6:48 am,6:45 pm,11:56:45,−2:40,12:47 pm,93.173,2023
2023-09-28,6:49 am,6:43 pm,11:54:05,−2:40,12:46 pm,93.146,2023
2023-09-29,6:50 am,6:41 pm,11:51:24,−2:40,12:46 pm,93.12,2023
2023-09-30,6:51 am,6:40 pm,11:48:44,−2:40,12:46 pm,93.093,2023
2024-06-01,5:26 am,8:21 pm,14:54:31,+1:09,12:53 pm,94.27,2024
2024-06-02,5:26 am,8:22 pm,14:55:37,+1:06,12:54 pm,94.284,2024
2024-06-03,5:26 am,8:22 pm,14:56:40,+1:03,12:54 pm,94.298,2024
2024-06-04,5:25 am,8:23 pm,14:57:40,+0:59,12:54 pm,94.312,2024
2024-06-05,5:25 am,8:24 pm,14:58:36,+0:56,12:54 pm,94.324,2024
2024-06-06,5:25 am,8:24 pm,14:59:30,+0:53,12:54 pm,94.337,2024
2024-06-07,5:25 am,8:25 pm,15:00:19,+0:49,12:55 pm,94.349,2024
2024-06-08,5:24 am,8:25 pm,15:01:05,+0:46,12:55 pm,94.36,2024
2024-06-09,5:24 am,8:26 pm,15:01:48,+0:42,12:55 pm,94.371,2024
2024-06-10,5:24 am,8:26 pm,15:02:27,+0:39,12:55 pm,94.381,2024
2024-06-11,5:24 am,8:27 pm,15:03:03,+0:35,12:55 pm,94.391,2024
2024-06-12,5:24 am,8:27 pm,15:03:35,+0:31,12:56 pm,94.4,2024
2024-06-13,5:24 am,8:28 pm,15:04:03,+0:28,12:56 pm,94.409,2024
2024-06-14,5:24 am,8:28 pm,15:04:27,+0:24,12:56 pm,94.417,2024
2024-06-15,5:24 am,8:29 pm,15:04:48,+0:20,12:56 pm,94.425,2024
2024-06-16,5:24 am,8:29 pm,15:05:06,+0:17,12:56 pm,94.433,2024
2024-06-17,5:24 am,8:29 pm,15:05:19,+0:13,12:57 pm,94.44,2024
2024-06-18,5:24 am,8:30 pm,15:05:29,+0:09,12:57 pm,94.447,2024
2024-06-19,5:24 am,8:30 pm,15:05:35,+0:06,12:57 pm,94.454,2024
2024-06-20,5:24 am,8:30 pm,15:05:38,+0:02,12:57 pm,94.46,2024
2024-06-21,5:25 am,8:30 pm,15:05:36,−0:01,12:58 pm,94.466,2024
2024-06-22,5:25 am,8:30 pm,15:05:31,−0:05,12:58 pm,94.472,2024
2024-06-23,5:25 am,8:31 pm,15:05:23,−0:08,12:58 pm,94.477,2024
2024-06-24,5:26 am,8:31 pm,15:05:10,−0:12,12:58 pm,94.482,2024
2024-06-25,5:26 am,8:31 pm,15:04:54,−0:16,12:58 pm,94.487,2024
2024-06-26,5:26 am,8:31 pm,15:04:34,−0:19,12:59 pm,94.491,2024
2024-06-27,5:27 am,8:31 pm,15:04:11,−0:23,12:59 pm,94.495,2024
2024-06-28,5:27 am,8:31 pm,15:03:44,−0:27,12:59 pm,94.499,2024
2024-06-29,5:27 am,8:31 pm,15:03:13,−0:30,12:59 pm,94.502,2024
2024-06-30,5:28 am,8:31 pm,15:02:39,−0:34,12:59 pm,94.505,2024
2024-07-01,5:28 am,8:30 pm,15:02:01,−0:37,1:00 pm,94.507,2024
2024-07-02,5:29 am,8:30 pm,15:01:20,−0:41,1:00 pm,94.509,2024
2024-07-03,5:30 am,8:30 pm,15:00:35,−0:44,1:00 pm,94.51,2024
2024-07-04,5:30 am,8:30 pm,14:59:46,−0:48,1:00 pm,94.51,2024
2024-07-05,5:31 am,8:30 pm,14:58:55,−0:51,1:00 pm,94.51,2024
2024-07-06,5:31 am,8:29 pm,14:58:00,−0:55,1:00 pm,94.51,2024
2024-07-07,5:32 am,8:29 pm,14:57:01,−0:58,1:01 pm,94.509,2024
2024-07-08,5:33 am,8:29 pm,14:56:00,−1:01,1:01 pm,94.507,2024
2024-07-09,5:33 am,8:28 pm,14:54:55,−1:04,1:01 pm,94.505,2024
2024-07-10,5:34 am,8:28 pm,14:53:47,−1:08,1:01 pm,94.502,2024
2024-07-11,5:35 am,8:27 pm,14:52:35,−1:11,1:01 pm,94.499,2024
2024-07-12,5:35 am,8:27 pm,14:51:21,−1:14,1:01 pm,94.495,2024
2024-07-13,5:36 am,8:26 pm,14:50:04,−1:17,1:01 pm,94.491,2024
2024-07-14,5:37 am,8:26 pm,14:48:44,−1:20,1:02 pm,94.486,2024
2024-07-15,5:38 am,8:25 pm,14:47:21,−1:23,1:02 pm,94.481,2024
2024-07-16,5:39 am,8:24 pm,14:45:55,−1:25,1:02 pm,94.475,2024
2024-07-17,5:39 am,8:24 pm,14:44:26,−1:28,1:02 pm,94.47,2024
2024-07-18,5:40 am,8:23 pm,14:42:55,−1:31,1:02 pm,94.463,2024
2024-07-19,5:41 am,8:22 pm,14:41:21,−1:33,1:02 pm,94.457,2024
2024-07-20,5:42 am,8:22 pm,14:39:45,−1:36,1:02 pm,94.45,2024
2024-07-21,5:43 am,8:21 pm,14:38:06,−1:38,1:02 pm,94.443,2024
2024-07-22,5:44 am,8:20 pm,14:36:24,−1:41,1:02 pm,94.435,2024
2024-07-23,5:44 am,8:19 pm,14:34:40,−1:43,1:02 pm,94.428,2024
2024-07-24,5:45 am,8:18 pm,14:32:54,−1:46,1:02 pm,94.42,2024
2024-07-25,5:46 am,8:17 pm,14:31:06,−1:48,1:02 pm,94.411,2024
2024-07-26,5:47 am,8:16 pm,14:29:15,−1:50,1:02 pm,94.403,2024
2024-07-27,5:48 am,8:15 pm,14:27:23,−1:52,1:02 pm,94.394,2024
2024-07-28,5:49 am,8:14 pm,14:25:28,−1:54,1:02 pm,94.384,2024
2024-07-29,5:50 am,8:13 pm,14:23:31,−1:56,1:02 pm,94.374,2024
2024-07-30,5:51 am,8:12 pm,14:21:32,−1:58,1:02 pm,94.364,2024
2024-07-31,5:52 am,8:11 pm,14:19:32,−2:00,1:02 pm,94.353,2024
2024-08-01,5:53 am,8:10 pm,14:17:29,−2:02,1:02 pm,94.342,2024
2024-08-02,5:54 am,8:09 pm,14:15:25,−2:04,1:02 pm,94.33,2024
2024-08-03,5:55 am,8:08 pm,14:13:19,−2:05,1:02 pm,94.318,2024
2024-08-04,5:56 am,8:07 pm,14:11:11,−2:07,1:02 pm,94.305,2024
2024-08-05,5:57 am,8:06 pm,14:09:02,−2:09,1:01 pm,94.291,2024
2024-08-06,5:58 am,8:04 pm,14:06:51,−2:10,1:01 pm,94.277,2024
2024-08-07,5:59 am,8:03 pm,14:04:38,−2:12,1:01 pm,94.263,2024
2024-08-08,6:00 am,8:02 pm,14:02:25,−2:13,1:01 pm,94.248,2024
2024-08-09,6:01 am,8:01 pm,14:00:09,−2:15,1:01 pm,94.233,2024
2024-08-10,6:02 am,7:59 pm,13:57:53,−2:16,1:01 pm,94.217,2024
2024-08-11,6:03 am,7:58 pm,13:55:35,−2:17,1:01 pm,94.201,2024
2024-08-12,6:04 am,7:57 pm,13:53:16,−2:19,1:00 pm,94.185,2024
2024-08-13,6:04 am,7:55 pm,13:50:56,−2:20,1:00 pm,94.168,2024
2024-08-14,6:05 am,7:54 pm,13:48:35,−2:21,1:00 pm,94.151,2024
2024-08-15,6:06 am,7:53 pm,13:46:12,−2:22,1:00 pm,94.133,2024
2024-08-16,6:07 am,7:51 pm,13:43:49,−2:23,1:00 pm,94.115,2024
2024-08-17,6:08 am,7:50 pm,13:41:24,−2:24,12:59 pm,94.097,2024
2024-08-18,6:09 am,7:48 pm,13:38:59,−2:25,12:59 pm,94.079,2024
2024-08-19,6:10 am,7:47 pm,13:36:33,−2:26,12:59 pm,94.061,2024
2024-08-20,6:11 am,7:45 pm,13:34:06,−2:27,12:59 pm,94.042,2024
2024-08-21,6:12 am,7:44 pm,13:31:38,−2:28,12:59 pm,94.024,2024
2024-08-22,6:13 am,7:42 pm,13:29:09,−2:28,12:58 pm,94.005,2024
2024-08-23,6:14 am,7:41 pm,13:26:39,−2:29,12:58 pm,93.985,2024
2024-08-24,6:15 am,7:39 pm,13:24:09,−2:30,12:58 pm,93.966,2024
2024-08-25,6:16 am,7:38 pm,13:21:37,−2:31,12:57 pm,93.947,2024
2024-08-26,6:17 am,7:36 pm,13:19:06,−2:31,12:57 pm,93.927,2024
2024-08-27,6:18 am,7:35 pm,13:16:33,−2:32,12:57 pm,93.907,2024
2024-08-28,6:19 am,7:33 pm,13:14:00,−2:33,12:57 pm,93.886,2024
2024-08-29,6:20 am,7:32 pm,13:11:26,−2:33,12:56 pm,93.865,2024
2024-08-30,6:21 am,7:30 pm,13:08:52,−2:34,12:56 pm,93.844,2024
2024-08-31,6:22 am,7:28 pm,13:06:17,−2:34,12:56 pm,93.823,2024
2024-09-01,6:23 am,7:27 pm,13:03:42,−2:35,12:55 pm,93.801,2024
2024-09-02,6:24 am,7:25 pm,13:01:06,−2:35,12:55 pm,93.779,2024
2024-09-03,6:25 am,7:24 pm,12:58:30,−2:36,12:55 pm,93.756,2024
2024-09-04,6:26 am,7:22 pm,12:55:53,−2:36,12:54 pm,93.733,2024
2024-09-05,6:27 am,7:20 pm,12:53:16,−2:37,12:54 pm,93.71,2024
2024-09-06,6:28 am,7:19 pm,12:50:38,−2:37,12:54 pm,93.686,2024
2024-09-07,6:29 am,7:17 pm,12:48:01,−2:37,12:53 pm,93.662,2024
2024-09-08,6:30 am,7:15 pm,12:45:22,−2:38,12:53 pm,93.638,2024
2024-09-09,6:31 am,7:14 pm,12:42:44,−2:38,12:53 pm,93.613,2024
2024-09-10,6:32 am,7:12 pm,12:40:05,−2:38,12:52 pm,93.589,2024
2024-09-11,6:33 am,7:10 pm,12:37:26,−2:38,12:52 pm,93.564,2024
2024-09-12,6:34 am,7:09 pm,12:34:47,−2:39,12:52 pm,93.539,2024
2024-09-13,6:35 am,7:07 pm,12:32:08,−2:39,12:51 pm,93.514,2024
2024-09-14,6:36 am,7:05 pm,12:29:28,−2:39,12:51 pm,93.488,2024
2024-09-15,6:37 am,7:04 pm,12:26:48,−2:39,12:50 pm,93.463,2024
2024-09-16,6:38 am,7:02 pm,12:24:09,−2:39,12:50 pm,93.437,2024
2024-09-17,6:39 am,7:00 pm,12:21:29,−2:40,12:50 pm,93.412,2024
2024-09-18,6:40 am,6:58 pm,12:18:48,−2:40,12:49 pm,93.386,2024
2024-09-19,6:41 am,6:57 pm,12:16:08,−2:40,12:49 pm,93.361,2024
2024-09-20,6:42 am,6:55 pm,12:13:28,−2:40,12:49 pm,93.336,2024
2024-09-21,6:43 am,6:53 pm,12:10:47,−2:40,12:48 pm,93.31,2024
2024-09-22,6:44 am,6:52 pm,12:08:07,−2:40,12:48 pm,93.285,2024
2024-09-23,6:45 am,6:50 pm,12:05:26,−2:40,12:48 pm,93.259,2024
2024-09-24,6:46 am,6:48 pm,12:02:46,−2:40,12:47 pm,93.234,2024
2024-09-25,6:47 am,6:47 pm,12:00:05,−2:40,12:47 pm,93.208,2024
2024-09-26,6:48 am,6:45 pm,11:57:24,−2:40,12:47 pm,93.182,2024
2024-09-27,6:49 am,6:43 pm,11:54:44,−2:40,12:46 pm,93.157,2024
2024-09-28,6:50 am,6:42 pm,11:52:03,−2:40,12:46 pm,93.131,2024
2024-09-29,6:51 am,6:40 pm,11:49:23,−2:40,12:46 pm,93.104,2024
2024-09-30,6:52 am,6:38 pm,11:46:43,−2:40,12:45 pm,93.078,2024
