year,full_date,temp_high,temp_low,wind
2015,2015-06-02,52,50,8
2015,2015-06-03,54,52,5
2015,2015-06-04,55,55,6
2015,2015-06-05,57,55,6
2015,2015-06-06,63,61,1
2015,2015-06-07,61,55,2
2015,2015-06-08,64,63,2
2015,2015-06-09,70,68,3
2015,2015-06-10,72,66,3
2015,2015-06-11,73,72,4
2015,2015-06-12,82,75,3
2015,2015-06-13,82,79,4
2015,2015-06-14,73,72,0
2015,2015-06-15,68,66,3
2015,2015-06-16,66,64,3
2015,2015-06-17,73,70,3
2015,2015-06-18,66,64,1
2015,2015-06-19,70,66,3
2015,2015-06-20,73,68,8
2015,2015-06-21,73,72,4
2015,2015-06-22,73,72,5
2015,2015-06-23,79,75,6
2015,2015-06-24,77,68,6
2015,2015-06-25,73,66,2
2015,2015-06-26,73,72,0
2015,2015-06-27,70,68,2
2015,2015-06-28,64,63,11
2015,2015-06-29,70,63,4
2015,2015-06-30,72,68,3
2015,2015-07-02,75,70,0
2015,2015-07-03,72,66,2
2015,2015-07-04,72,70,2
2015,2015-07-05,70,70,0
2015,2015-07-06,73,72,2
2015,2015-07-07,75,75,2
2015,2015-07-08,81,79,6
2015,2015-07-09,79,73,6
2015,2015-07-10,73,72,6
2015,2015-07-11,75,70,1
2015,2015-07-12,77,73,1
2015,2015-07-13,77,75,1
2015,2015-07-14,75,73,1
2015,2015-07-15,75,75,0
2015,2015-07-16,73,64,9
2015,2015-07-17,70,66,4
2015,2015-07-18,73,73,5
2015,2015-07-19,81,79,1
2015,2015-07-20,86,82,5
2015,2015-07-21,84,82,2
2015,2015-07-22,75,70,4
2015,2015-07-23,73,68,2
2015,2015-07-24,75,70,1
2015,2015-07-25,77,70,3
2015,2015-07-26,77,73,4
2015,2015-07-27,79,72,2
2015,2015-07-28,77,75,4
2015,2015-07-29,81,79,2
2015,2015-07-30,82,79,6
2015,2015-07-31,77,73,3
2015,2015-08-02,77,72,1
2015,2015-08-03,79,75,4
2015,2015-08-04,81,70,6
2015,2015-08-05,75,73,1
2015,2015-08-06,73,68,2
2015,2015-08-07,75,70,3
2015,2015-08-08,72,68,2
2015,2015-08-09,73,68,1
2015,2015-08-10,72,70,1
2015,2015-08-11,75,73,4
2015,2015-08-12,75,72,2
2015,2015-08-13,73,68,4
2015,2015-08-14,73,66,1
2015,2015-08-15,77,73,4
2015,2015-08-16,81,75,2
2015,2015-08-17,82,79,4
2015,2015-08-18,81,73,5
2015,2015-08-19,79,77,2
2015,2015-08-20,79,79,2
2015,2015-08-21,77,73,5
2015,2015-08-22,73,70,4
2015,2015-08-23,72,70,2
2015,2015-08-24,75,73,1
2015,2015-08-25,79,77,2
2015,2015-08-26,73,68,4
2015,2015-08-27,72,66,2
2015,2015-08-28,70,64,2
2015,2015-08-29,70,68,1
2015,2015-08-30,75,73,4
2015,2015-08-31,79,75,4
2015,2015-09-02,77,73,1
2015,2015-09-03,79,75,0
2015,2015-09-04,81,77,4
2015,2015-09-05,73,68,7
2015,2015-09-06,70,66,1
2015,2015-09-07,72,70,6
2015,2015-09-08,81,77,6
2015,2015-09-09,81,77,5
2015,2015-09-10,81,72,4
2015,2015-09-11,70,66,7
2015,2015-09-12,73,70,1
2015,2015-09-13,72,70,5
2015,2015-09-14,63,59,6
2015,2015-09-15,66,63,4
2015,2015-09-16,73,66,1
2015,2015-09-17,73,70,0
2015,2015-09-18,73,70,1
2015,2015-09-19,72,70,1
2015,2015-09-20,75,73,3
2015,2015-09-21,64,61,9
2015,2015-09-22,66,63,7
2015,2015-09-23,66,61,4
2015,2015-09-24,64,61,1
2015,2015-09-25,68,64,6
2015,2015-09-26,66,63,5
2015,2015-09-27,61,57,6
2015,2015-09-28,66,64,2
2015,2015-09-29,73,72,1
2015,2015-09-30,75,73,5
2016,2016-06-02,66,63,4
2016,2016-06-03,64,64,2
2016,2016-06-04,68,66,0
2016,2016-06-05,66,66,1
2016,2016-06-06,66,66,4
2016,2016-06-07,75,72,4
2016,2016-06-08,64,61,6
2016,2016-06-09,57,54,6
2016,2016-06-10,63,57,6
2016,2016-06-11,63,61,1
2016,2016-06-12,82,79,6
2016,2016-06-13,63,57,9
2016,2016-06-14,64,59,3
2016,2016-06-15,66,63,2
2016,2016-06-16,75,68,1
2016,2016-06-17,70,64,1
2016,2016-06-18,63,63,2
2016,2016-06-19,72,68,1
2016,2016-06-20,66,64,1
2016,2016-06-21,79,75,7
2016,2016-06-22,73,70,1
2016,2016-06-23,73,70,2
2016,2016-06-24,72,70,3
2016,2016-06-25,68,64,4
2016,2016-06-26,70,68,1
2016,2016-06-27,72,66,5
2016,2016-06-28,70,70,2
2016,2016-06-29,70,66,0
2016,2016-06-30,72,68,2
2016,2016-07-02,70,64,2
2016,2016-07-03,70,64,3
2016,2016-07-04,72,66,3
2016,2016-07-05,72,70,1
2016,2016-07-06,81,75,2
2016,2016-07-07,81,79,2
2016,2016-07-08,79,75,2
2016,2016-07-09,68,66,6
2016,2016-07-10,68,66,2
2016,2016-07-11,70,66,2
2016,2016-07-12,70,70,2
2016,2016-07-13,73,72,5
2016,2016-07-14,75,75,4
2016,2016-07-15,82,79,6
2016,2016-07-16,82,75,5
2016,2016-07-17,77,75,3
2016,2016-07-18,81,77,6
2016,2016-07-19,75,73,3
2016,2016-07-20,73,70,4
2016,2016-07-21,73,72,4
2016,2016-07-22,77,73,7
2016,2016-07-23,84,81,6
2016,2016-07-24,81,75,3
2016,2016-07-25,81,81,4
2016,2016-07-26,73,72,4
2016,2016-07-27,81,75,2
2016,2016-07-28,81,77,2
2016,2016-07-29,75,70,4
2016,2016-07-30,77,73,1
2016,2016-07-31,73,73,2
2016,2016-08-02,72,72,5
2016,2016-08-03,68,66,2
2016,2016-08-04,70,66,1
2016,2016-08-05,70,70,3
2016,2016-08-06,75,73,6
2016,2016-08-07,77,72,4
2016,2016-08-08,79,72,2
2016,2016-08-09,75,72,1
2016,2016-08-10,79,75,3
2016,2016-08-11,82,81,4
2016,2016-08-12,75,73,4
2016,2016-08-13,82,81,6
2016,2016-08-14,86,82,1
2016,2016-08-15,81,77,2
2016,2016-08-16,81,79,2
2016,2016-08-17,82,77,4
2016,2016-08-18,79,73,1
2016,2016-08-19,77,75,0
2016,2016-08-20,77,73,2
2016,2016-08-21,77,75,3
2016,2016-08-22,73,70,6
2016,2016-08-23,64,63,2
2016,2016-08-24,72,68,2
2016,2016-08-25,75,70,0
2016,2016-08-26,79,75,0
2016,2016-08-27,81,73,0
2016,2016-08-28,75,72,2
2016,2016-08-29,75,73,4
2016,2016-08-30,75,72,6
2016,2016-08-31,75,73,2
2016,2016-09-02,70,66,4
2016,2016-09-03,72,68,6
2016,2016-09-04,66,64,6
2016,2016-09-05,70,66,7
2016,2016-09-06,77,73,9
2016,2016-09-07,72,72,7
2016,2016-09-08,73,72,1
2016,2016-09-09,84,81,4
2016,2016-09-10,75,75,1
2016,2016-09-11,81,77,3
2016,2016-09-12,68,63,6
2016,2016-09-13,66,64,2
2016,2016-09-14,72,70,6
2016,2016-09-15,66,63,7
2016,2016-09-16,64,63,1
2016,2016-09-17,63,59,1
2016,2016-09-18,70,70,4
2016,2016-09-19,75,73,4
2016,2016-09-20,70,68,2
2016,2016-09-21,72,70,1
2016,2016-09-22,70,66,2
2016,2016-09-23,70,64,1
2016,2016-09-24,64,59,6
2016,2016-09-25,61,55,3
2016,2016-09-26,59,55,3
2016,2016-09-27,70,64,3
2016,2016-09-28,64,61,2
2016,2016-09-29,61,57,11
2016,2016-09-30,57,57,11
2017,2017-06-02,66,57,2
2017,2017-06-03,61,57,1
2017,2017-06-04,64,55,2
2017,2017-06-05,59,57,3
2017,2017-06-06,57,55,9
2017,2017-06-07,54,52,7
2017,2017-06-08,61,55,1
2017,2017-06-09,55,54,1
2017,2017-06-10,72,66,3
2017,2017-06-11,77,72,4
2017,2017-06-12,81,75,4
2017,2017-06-13,82,79,1
2017,2017-06-14,82,72,6
2017,2017-06-15,70,64,2
2017,2017-06-16,64,64,6
2017,2017-06-17,66,66,2
2017,2017-06-18,72,70,1
2017,2017-06-19,79,77,2
2017,2017-06-20,72,72,4
2017,2017-06-21,75,72,4
2017,2017-06-22,73,68,2
2017,2017-06-23,81,79,3
2017,2017-06-24,81,72,4
2017,2017-06-25,75,68,2
2017,2017-06-26,72,64,3
2017,2017-06-27,72,61,4
2017,2017-06-28,66,63,4
2017,2017-06-29,72,68,6
2017,2017-06-30,73,73,6
2017,2017-07-02,73,72,2
2017,2017-07-03,81,75,1
2017,2017-07-04,73,72,4
2017,2017-07-05,73,70,2
2017,2017-07-06,72,72,4
2017,2017-07-07,73,70,6
2017,2017-07-08,72,70,2
2017,2017-07-09,73,66,3
2017,2017-07-10,73,70,2
2017,2017-07-11,77,75,1
2017,2017-07-12,81,79,3
2017,2017-07-13,81,81,5
2017,2017-07-14,73,66,6
2017,2017-07-15,70,68,3
2017,2017-07-16,73,70,2
2017,2017-07-17,75,73,1
2017,2017-07-18,77,73,2
2017,2017-07-19,79,77,4
2017,2017-07-20,82,79,1
2017,2017-07-21,79,77,2
2017,2017-07-22,84,79,2
2017,2017-07-23,72,72,1
2017,2017-07-24,73,70,7
2017,2017-07-25,64,63,5
2017,2017-07-26,66,64,6
2017,2017-07-27,68,66,2
2017,2017-07-28,73,72,1
2017,2017-07-29,75,72,11
2017,2017-07-30,70,64,4
2017,2017-07-31,70,66,3
2017,2017-08-02,79,75,1
2017,2017-08-03,70,70,1
2017,2017-08-04,75,73,1
2017,2017-08-05,75,73,2
2017,2017-08-06,70,64,4
2017,2017-08-07,70,68,1
2017,2017-08-08,66,64,2
2017,2017-08-09,72,64,1
2017,2017-08-10,72,70,3
2017,2017-08-11,72,70,2
2017,2017-08-12,72,64,4
2017,2017-08-13,73,72,3
2017,2017-08-14,72,70,1
2017,2017-08-15,73,68,2
2017,2017-08-16,72,70,3
2017,2017-08-17,73,70,4
2017,2017-08-18,77,75,4
2017,2017-08-19,73,73,4
2017,2017-08-20,77,70,5
2017,2017-08-21,75,72,1
2017,2017-08-22,75,75,2
2017,2017-08-23,73,72,6
2017,2017-08-24,72,66,1
2017,2017-08-25,70,63,1
2017,2017-08-26,70,63,3
2017,2017-08-27,66,63,2
2017,2017-08-28,68,63,4
2017,2017-08-29,66,64,6
2017,2017-08-30,61,61,4
2017,2017-08-31,70,64,4
2017,2017-09-02,63,55,6
2017,2017-09-03,61,59,6
2017,2017-09-04,64,63,6
2017,2017-09-05,72,70,4
2017,2017-09-06,73,70,1
2017,2017-09-07,63,61,4
2017,2017-09-08,64,59,1
2017,2017-09-09,61,55,4
2017,2017-09-10,59,57,4
2017,2017-09-11,63,55,2
2017,2017-09-12,64,61,0
2017,2017-09-13,70,64,1
2017,2017-09-14,72,72,1
2017,2017-09-15,73,70,2
2017,2017-09-16,72,70,1
2017,2017-09-17,72,70,0
2017,2017-09-18,70,70,5
2017,2017-09-19,72,72,8
2017,2017-09-20,73,72,9
2017,2017-09-21,73,72,4
2017,2017-09-22,73,68,7
2017,2017-09-23,73,70,5
2017,2017-09-24,73,70,1
2017,2017-09-25,79,73,1
2017,2017-09-26,72,70,1
2017,2017-09-27,72,70,4
2017,2017-09-28,75,73,4
2017,2017-09-29,61,55,2
2017,2017-09-30,64,57,1
2018,2018-06-02,72,70,3
2018,2018-06-03,70,63,6
2018,2018-06-04,54,52,5
2018,2018-06-05,59,57,1
2018,2018-06-06,63,59,2
2018,2018-06-07,61,61,0
2018,2018-06-08,61,61,3
2018,2018-06-09,73,68,4
2018,2018-06-10,72,70,1
2018,2018-06-11,59,57,1
2018,2018-06-12,59,57,1
2018,2018-06-13,66,63,4
2018,2018-06-14,75,68,5
2018,2018-06-15,70,64,4
2018,2018-06-16,66,64,4
2018,2018-06-17,72,66,2
2018,2018-06-18,75,73,5
2018,2018-06-19,79,75,4
2018,2018-06-20,75,70,3
2018,2018-06-21,72,66,4
2018,2018-06-22,72,66,4
2018,2018-06-23,64,63,6
2018,2018-06-24,66,66,0
2018,2018-06-25,72,66,5
2018,2018-06-26,70,61,3
2018,2018-06-27,68,66,2
2018,2018-06-28,72,70,3
2018,2018-06-29,75,72,1
2018,2018-06-30,79,73,1
2018,2018-07-02,84,81,2
2018,2018-07-03,81,79,1
2018,2018-07-04,79,77,1
2018,2018-07-05,79,77,2
2018,2018-07-06,81,79,3
2018,2018-07-07,70,63,7
2018,2018-07-08,64,63,0
2018,2018-07-09,70,68,2
2018,2018-07-10,73,72,3
2018,2018-07-11,81,75,2
2018,2018-07-12,73,66,1
2018,2018-07-13,72,68,2
2018,2018-07-14,73,72,4
2018,2018-07-15,75,70,4
2018,2018-07-16,79,75,2
2018,2018-07-17,81,77,2
2018,2018-07-18,72,68,3
2018,2018-07-19,72,66,2
2018,2018-07-20,72,70,1
2018,2018-07-21,72,70,2
2018,2018-07-22,73,68,2
2018,2018-07-23,75,75,4
2018,2018-07-24,77,75,1
2018,2018-07-25,77,77,2
2018,2018-07-26,73,72,2
2018,2018-07-27,79,75,4
2018,2018-07-28,72,70,0
2018,2018-07-29,75,72,1
2018,2018-07-30,75,72,1
2018,2018-07-31,70,68,0
2018,2018-08-02,81,75,2
2018,2018-08-03,75,75,2
2018,2018-08-04,79,75,3
2018,2018-08-05,79,73,2
2018,2018-08-06,82,79,4
2018,2018-08-07,82,79,3
2018,2018-08-08,79,75,2
2018,2018-08-09,81,73,2
2018,2018-08-10,77,73,2
2018,2018-08-11,81,72,1
2018,2018-08-12,73,73,0
2018,2018-08-13,75,73,6
2018,2018-08-14,73,72,1
2018,2018-08-15,72,70,2
2018,2018-08-16,81,75,2
2018,2018-08-17,82,79,4
2018,2018-08-18,73,73,4
2018,2018-08-19,72,70,4
2018,2018-08-20,70,68,2
2018,2018-08-21,72,66,2
2018,2018-08-22,73,72,2
2018,2018-08-23,72,68,4
2018,2018-08-24,70,64,1
2018,2018-08-25,72,70,1
2018,2018-08-26,72,70,2
2018,2018-08-27,79,73,2
2018,2018-08-28,82,81,2
2018,2018-08-29,84,81,3
2018,2018-08-30,84,81,4
2018,2018-08-31,79,75,4
2018,2018-09-02,70,70,0
2018,2018-09-03,75,75,3
2018,2018-09-04,82,79,4
2018,2018-09-05,81,79,1
2018,2018-09-06,79,79,2
2018,2018-09-07,75,73,4
2018,2018-09-08,72,70,2
2018,2018-09-09,63,55,7
2018,2018-09-10,57,54,6
2018,2018-09-11,63,63,4
2018,2018-09-12,73,72,0
2018,2018-09-13,73,70,0
2018,2018-09-14,72,70,0
2018,2018-09-15,72,66,0
2018,2018-09-16,70,68,0
2018,2018-09-17,72,70,0
2018,2018-09-18,75,75,1
2018,2018-09-19,72,70,2
2018,2018-09-20,70,64,4
2018,2018-09-21,68,66,1
2018,2018-09-22,73,72,4
2018,2018-09-23,63,61,4
2018,2018-09-24,64,59,5
2018,2018-09-25,61,59,6
2018,2018-09-26,73,72,2
2018,2018-09-27,72,63,6
2018,2018-09-28,64,63,4
2018,2018-09-29,61,57,2
2018,2018-09-30,59,55,4
2019,2019-06-02,70,64,2
2019,2019-06-03,63,57,3
2019,2019-06-04,57,55,3
2019,2019-06-05,66,64,5
2019,2019-06-06,72,70,6
2019,2019-06-07,72,66,1
2019,2019-06-08,66,64,2
2019,2019-06-09,63,61,5
2019,2019-06-10,61,61,7
2019,2019-06-11,70,68,1
2019,2019-06-12,64,59,2
2019,2019-06-13,64,63,6
2019,2019-06-14,61,57,4
2019,2019-06-15,64,61,3
2019,2019-06-16,72,64,4
2019,2019-06-17,73,70,1
2019,2019-06-18,72,70,0
2019,2019-06-19,66,66,1
2019,2019-06-20,66,64,2
2019,2019-06-21,72,70,2
2019,2019-06-22,66,63,6
2019,2019-06-23,68,64,2
2019,2019-06-24,73,66,2
2019,2019-06-25,75,73,1
2019,2019-06-26,73,72,1
2019,2019-06-27,79,72,3
2019,2019-06-28,77,73,2
2019,2019-06-29,79,75,4
2019,2019-06-30,73,72,4
2019,2019-07-02,73,72,2
2019,2019-07-03,79,75,2
2019,2019-07-04,79,75,2
2019,2019-07-05,75,73,1
2019,2019-07-06,79,79,2
2019,2019-07-07,79,75,4
2019,2019-07-08,72,70,1
2019,2019-07-09,72,70,4
2019,2019-07-10,79,73,1
2019,2019-07-11,79,75,4
2019,2019-07-12,73,72,3
2019,2019-07-13,75,72,4
2019,2019-07-14,79,75,2
2019,2019-07-15,75,68,1
2019,2019-07-16,75,72,1
2019,2019-07-17,82,81,3
2019,2019-07-18,75,73,2
2019,2019-07-19,73,72,2
2019,2019-07-20,86,82,4
2019,2019-07-21,88,82,4
2019,2019-07-22,82,79,1
2019,2019-07-23,73,70,4
2019,2019-07-24,70,66,1
2019,2019-07-25,73,72,1
2019,2019-07-26,75,70,1
2019,2019-07-27,75,73,2
2019,2019-07-28,75,73,5
2019,2019-07-29,75,72,2
2019,2019-07-30,84,79,4
2019,2019-07-31,81,77,2
2019,2019-08-02,79,73,2
2019,2019-08-03,75,73,3
2019,2019-08-04,72,68,2
2019,2019-08-05,75,72,3
2019,2019-08-06,73,72,2
2019,2019-08-07,75,73,2
2019,2019-08-08,70,68,5
2019,2019-08-09,72,70,4
2019,2019-08-10,72,66,2
2019,2019-08-11,70,64,1
2019,2019-08-12,72,68,2
2019,2019-08-13,77,72,6
2019,2019-08-14,75,73,1
2019,2019-08-15,73,72,2
2019,2019-08-16,72,68,4
2019,2019-08-17,75,73,2
2019,2019-08-18,77,75,1
2019,2019-08-19,75,72,1
2019,2019-08-20,79,75,2
2019,2019-08-21,77,75,2
2019,2019-08-22,79,75,5
2019,2019-08-23,72,70,2
2019,2019-08-24,66,64,4
2019,2019-08-25,68,64,5
2019,2019-08-26,64,61,7
2019,2019-08-27,64,63,3
2019,2019-08-28,70,66,1
2019,2019-08-29,70,66,4
2019,2019-08-30,70,68,2
2019,2019-08-31,75,70,4
2019,2019-09-02,70,70,3
2019,2019-09-03,72,66,2
2019,2019-09-04,70,68,1
2019,2019-09-05,73,66,8
2019,2019-09-06,66,64,5
2019,2019-09-07,59,57,5
2019,2019-09-08,66,64,1
2019,2019-09-09,70,64,7
2019,2019-09-10,68,66,1
2019,2019-09-11,72,70,6
2019,2019-09-12,81,77,3
2019,2019-09-13,63,57,7
2019,2019-09-14,64,61,2
2019,2019-09-15,73,70,1
2019,2019-09-16,72,72,2
2019,2019-09-17,70,63,7
2019,2019-09-18,64,61,5
2019,2019-09-19,57,52,5
2019,2019-09-20,59,55,5
2019,2019-09-21,68,63,2
2019,2019-09-22,72,68,4
2019,2019-09-23,75,72,4
2019,2019-09-24,72,66,5
2019,2019-09-25,64,59,2
2019,2019-09-26,70,64,6
2019,2019-09-27,64,61,1
2019,2019-09-28,66,64,4
2019,2019-09-29,75,72,2
2019,2019-09-30,64,63,7
2020,2020-06-02,61,59,0
2020,2020-06-03,66,61,0
2020,2020-06-04,68,66,0
2020,2020-06-05,70,70,0
2020,2020-06-06,72,70,0
2020,2020-06-07,72,64,0
2020,2020-06-08,66,59,0
2020,2020-06-09,70,66,0
2020,2020-06-10,75,73,0
2020,2020-06-11,73,72,0
2020,2020-06-12,73,70,0
2020,2020-06-13,72,61,0
2020,2020-06-14,61,55,4
2020,2020-06-15,61,59,0
2020,2020-06-16,61,61,0
2020,2020-06-17,64,61,0
2020,2020-06-18,66,66,0
2020,2020-06-19,66,64,0
2020,2020-06-20,73,70,1
2020,2020-06-21,73,70,1
2020,2020-06-22,73,72,2
2020,2020-06-23,77,73,2
2020,2020-06-24,77,73,1
2020,2020-06-25,75,72,4
2020,2020-06-26,73,70,1
2020,2020-06-27,77,72,3
2020,2020-06-28,75,73,3
2020,2020-06-29,72,70,2
2020,2020-06-30,70,66,2
2020,2020-07-02,70,70,2
2020,2020-07-03,81,79,1
2020,2020-07-04,72,68,6
2020,2020-07-05,73,72,1
2020,2020-07-06,81,75,1
2020,2020-07-07,72,72,5
2020,2020-07-08,75,75,1
2020,2020-07-09,77,75,3
2020,2020-07-10,77,75,4
2020,2020-07-11,73,72,4
2020,2020-07-12,73,72,7
2020,2020-07-13,75,72,2
2020,2020-07-14,75,72,4
2020,2020-07-15,75,72,5
2020,2020-07-16,72,70,2
2020,2020-07-17,72,70,2
2020,2020-07-18,75,72,0
2020,2020-07-19,79,77,3
2020,2020-07-20,82,82,2
2020,2020-07-21,81,79,2
2020,2020-07-22,81,73,1
2020,2020-07-23,73,73,4
2020,2020-07-24,81,73,2
2020,2020-07-25,75,73,1
2020,2020-07-26,79,77,5
2020,2020-07-27,82,77,2
2020,2020-07-28,84,81,8
2020,2020-07-29,81,79,1
2020,2020-07-30,82,79,2
2020,2020-07-31,79,70,3
2020,2020-08-02,79,77,2
2020,2020-08-03,82,79,5
2020,2020-08-04,73,72,2
2020,2020-08-05,75,73,4
2020,2020-08-06,75,73,1
2020,2020-08-07,73,68,1
2020,2020-08-08,72,70,2
2020,2020-08-09,73,72,2
2020,2020-08-10,79,75,4
2020,2020-08-11,81,79,4
2020,2020-08-12,79,79,4
2020,2020-08-13,79,75,2
2020,2020-08-14,75,73,4
2020,2020-08-15,75,72,3
2020,2020-08-16,72,68,8
2020,2020-08-17,68,64,2
2020,2020-08-18,70,64,5
2020,2020-08-19,75,70,2
2020,2020-08-20,68,64,2
2020,2020-08-21,70,68,6
2020,2020-08-22,75,73,5
2020,2020-08-23,77,73,2
2020,2020-08-24,79,75,1
2020,2020-08-25,79,75,3
2020,2020-08-26,73,68,5
2020,2020-08-27,73,70,1
2020,2020-08-28,73,72,3
2020,2020-08-29,73,72,6
2020,2020-08-30,75,68,6
2020,2020-08-31,70,64,3
2020,2020-09-02,72,70,5
2020,2020-09-03,75,75,2
2020,2020-09-04,73,70,4
2020,2020-09-05,72,66,4
2020,2020-09-06,70,66,4
2020,2020-09-07,72,66,1
2020,2020-09-08,72,70,1
2020,2020-09-09,72,70,1
2020,2020-09-10,73,73,3
2020,2020-09-11,75,70,2
2020,2020-09-12,66,64,6
2020,2020-09-13,64,61,1
2020,2020-09-14,72,70,3
2020,2020-09-15,61,55,6
2020,2020-09-16,59,57,4
2020,2020-09-17,66,64,1
2020,2020-09-18,72,63,6
2020,2020-09-19,55,52,9
2020,2020-09-20,54,52,6
2020,2020-09-21,54,50,2
2020,2020-09-22,55,48,2
2020,2020-09-23,61,57,3
2020,2020-09-24,68,63,2
2020,2020-09-25,66,63,2
2020,2020-09-26,66,64,2
2020,2020-09-27,70,66,2
2020,2020-09-28,72,70,1
2020,2020-09-29,70,68,3
2020,2020-09-30,72,61,5
2021,2021-06-02,64,63,2
2021,2021-06-03,63,61,0
2021,2021-06-04,70,68,4
2021,2021-06-05,66,66,4
2021,2021-06-06,81,75,4
2021,2021-06-07,81,75,4
2021,2021-06-08,81,79,2
2021,2021-06-09,73,72,2
2021,2021-06-10,79,75,4
2021,2021-06-11,64,63,6
2021,2021-06-12,66,64,4
2021,2021-06-13,63,63,2
2021,2021-06-14,68,66,1
2021,2021-06-15,68,66,3
2021,2021-06-16,66,63,3
2021,2021-06-17,66,57,4
2021,2021-06-18,68,63,2
2021,2021-06-19,73,64,4
2021,2021-06-20,70,66,4
2021,2021-06-21,81,75,2
2021,2021-06-22,77,73,5
2021,2021-06-23,59,55,3
2021,2021-06-24,64,61,1
2021,2021-06-25,66,64,4
2021,2021-06-26,72,70,1
2021,2021-06-27,75,73,4
2021,2021-06-28,79,75,2
2021,2021-06-29,82,79,6
2021,2021-06-30,84,81,4
2021,2021-07-02,72,70,3
2021,2021-07-03,63,61,10
2021,2021-07-04,63,61,1
2021,2021-07-05,70,66,1
2021,2021-07-06,75,73,7
2021,2021-07-07,73,72,4
2021,2021-07-08,82,73,4
2021,2021-07-09,73,72,6
2021,2021-07-10,72,68,2
2021,2021-07-11,72,70,1
2021,2021-07-12,75,72,2
2021,2021-07-13,72,70,5
2021,2021-07-14,72,70,4
2021,2021-07-15,77,73,2
2021,2021-07-16,81,79,4
2021,2021-07-17,82,79,2
2021,2021-07-18,73,73,3
2021,2021-07-19,73,72,6
2021,2021-07-20,75,73,3
2021,2021-07-21,81,73,1
2021,2021-07-22,72,66,4
2021,2021-07-23,72,66,4
2021,2021-07-24,72,66,1
2021,2021-07-25,75,66,1
2021,2021-07-26,77,72,3
2021,2021-07-27,79,75,2
2021,2021-07-28,75,70,4
2021,2021-07-29,72,72,0
2021,2021-07-30,72,70,4
2021,2021-07-31,66,61,4
2021,2021-08-02,68,63,5
2021,2021-08-03,72,64,2
2021,2021-08-04,72,68,3
2021,2021-08-05,70,70,5
2021,2021-08-06,72,70,4
2021,2021-08-07,75,73,6
2021,2021-08-08,77,66,3
2021,2021-08-09,72,70,5
2021,2021-08-10,73,72,1
2021,2021-08-11,73,73,4
2021,2021-08-12,75,73,4
2021,2021-08-13,84,79,4
2021,2021-08-14,84,81,2
2021,2021-08-15,77,72,5
2021,2021-08-16,73,70,3
2021,2021-08-17,73,73,1
2021,2021-08-18,75,73,2
2021,2021-08-19,79,75,4
2021,2021-08-20,79,75,2
2021,2021-08-21,75,73,0
2021,2021-08-22,75,75,7
2021,2021-08-23,72,72,4
2021,2021-08-24,75,73,2
2021,2021-08-25,79,73,2
2021,2021-08-26,82,79,4
2021,2021-08-27,82,79,2
2021,2021-08-28,81,75,9
2021,2021-08-29,70,70,6
2021,2021-08-30,75,73,1
2021,2021-08-31,79,75,4
2021,2021-09-02,64,63,10
2021,2021-09-03,64,61,2
2021,2021-09-04,64,63,1
2021,2021-09-05,70,66,3
2021,2021-09-06,72,70,3
2021,2021-09-07,70,64,2
2021,2021-09-08,73,72,3
2021,2021-09-09,75,70,2
2021,2021-09-10,68,64,5
2021,2021-09-11,64,61,1
2021,2021-09-12,70,66,3
2021,2021-09-13,77,73,6
2021,2021-09-14,70,70,2
2021,2021-09-15,73,73,0
2021,2021-09-16,73,72,0
2021,2021-09-17,72,72,0
2021,2021-09-18,72,70,0
2021,2021-09-19,73,66,0
2021,2021-09-20,66,63,0
2021,2021-09-21,64,63,0
2021,2021-09-22,72,72,0
2021,2021-09-23,75,73,0
2021,2021-09-24,64,57,4
2021,2021-09-25,63,57,0
2021,2021-09-26,64,63,2
2021,2021-09-27,64,63,0
2021,2021-09-28,70,66,0
2021,2021-09-29,61,55,0
2021,2021-09-30,63,59,0
2022,2022-06-02,63,63,2
2022,2022-06-03,66,63,4
2022,2022-06-04,66,61,1
2022,2022-06-05,68,57,5
2022,2022-06-06,64,64,2
2022,2022-06-07,66,63,3
2022,2022-06-08,68,66,2
2022,2022-06-09,72,70,4
2022,2022-06-10,66,63,5
2022,2022-06-11,73,66,1
2022,2022-06-12,66,64,2
2022,2022-06-13,70,68,3
2022,2022-06-14,73,70,5
2022,2022-06-15,73,66,2
2022,2022-06-16,66,66,2
2022,2022-06-17,70,70,2
2022,2022-06-18,75,68,8
2022,2022-06-19,59,55,4
2022,2022-06-20,63,57,4
2022,2022-06-21,68,63,1
2022,2022-06-22,66,66,4
2022,2022-06-23,63,61,4
2022,2022-06-24,64,63,1
2022,2022-06-25,75,70,2
2022,2022-06-26,75,73,2
2022,2022-06-27,73,73,4
2022,2022-06-28,70,66,1
2022,2022-06-29,70,66,0
2022,2022-06-30,73,70,2
2022,2022-07-02,81,73,2
2022,2022-07-03,81,75,4
2022,2022-07-04,73,66,2
2022,2022-07-05,75,73,5
2022,2022-07-06,73,72,4
2022,2022-07-07,77,72,6
2022,2022-07-08,70,68,0
2022,2022-07-09,73,72,2
2022,2022-07-10,73,68,4
2022,2022-07-11,70,66,4
2022,2022-07-12,72,70,6
2022,2022-07-13,81,75,2
2022,2022-07-14,81,73,4
2022,2022-07-15,79,73,3
2022,2022-07-16,73,73,1
2022,2022-07-17,75,72,3
2022,2022-07-18,81,77,1
2022,2022-07-19,77,73,5
2022,2022-07-20,82,79,4
2022,2022-07-21,82,79,2
2022,2022-07-22,84,79,2
2022,2022-07-23,84,79,4
2022,2022-07-24,84,81,4
2022,2022-07-25,84,82,7
2022,2022-07-26,81,72,5
2022,2022-07-27,73,70,1
2022,2022-07-28,79,73,1
2022,2022-07-29,81,75,2
2022,2022-07-30,75,73,4
2022,2022-07-31,79,72,2
2022,2022-08-02,72,72,2
2022,2022-08-03,81,72,4
2022,2022-08-04,79,75,3
2022,2022-08-05,81,79,4
2022,2022-08-06,82,77,3
2022,2022-08-07,82,81,5
2022,2022-08-08,82,79,5
2022,2022-08-09,84,82,4
2022,2022-08-10,82,75,5
2022,2022-08-11,79,75,1
2022,2022-08-12,79,72,6
2022,2022-08-13,72,66,3
2022,2022-08-14,70,66,2
2022,2022-08-15,72,68,1
2022,2022-08-16,70,66,4
2022,2022-08-17,73,66,4
2022,2022-08-18,64,64,2
2022,2022-08-19,73,70,2
2022,2022-08-20,79,75,3
2022,2022-08-21,75,72,1
2022,2022-08-22,75,73,2
2022,2022-08-23,73,72,1
2022,2022-08-24,73,72,3
2022,2022-08-25,79,72,2
2022,2022-08-26,79,75,2
2022,2022-08-27,81,75,3
2022,2022-08-28,75,73,7
2022,2022-08-29,75,75,1
2022,2022-08-30,75,73,4
2022,2022-08-31,73,70,4
2022,2022-09-02,70,63,6
2022,2022-09-03,66,66,1
2022,2022-09-04,72,72,1
2022,2022-09-05,77,73,0
2022,2022-09-06,73,72,1
2022,2022-09-07,68,66,8
2022,2022-09-08,68,64,6
2022,2022-09-09,68,63,4
2022,2022-09-10,68,64,1
2022,2022-09-11,73,72,3
2022,2022-09-12,70,70,1
2022,2022-09-13,73,72,1
2022,2022-09-14,70,64,6
2022,2022-09-15,72,66,6
2022,2022-09-16,63,57,1
2022,2022-09-17,68,64,7
2022,2022-09-18,70,68,5
2022,2022-09-19,75,72,6
2022,2022-09-20,70,68,1
2022,2022-09-21,68,63,1
2022,2022-09-22,72,72,5
2022,2022-09-23,57,54,6
2022,2022-09-24,52,48,6
2022,2022-09-25,63,59,2
2022,2022-09-26,61,59,6
2022,2022-09-27,66,61,3
2022,2022-09-28,59,54,4
2022,2022-09-29,61,54,4
2022,2022-09-30,57,54,7
2023,2023-06-02,70,66,1
2023,2023-06-03,70,66,6
2023,2023-06-04,55,48,7
2023,2023-06-05,59,55,2
2023,2023-06-06,66,61,2
2023,2023-06-07,63,57,4
2023,2023-06-08,57,55,1
2023,2023-06-09,61,57,6
2023,2023-06-10,63,57,4
2023,2023-06-11,68,64,1
2023,2023-06-12,72,68,0
2023,2023-06-13,68,64,5
2023,2023-06-14,66,64,0
2023,2023-06-15,63,61,4
2023,2023-06-16,70,66,1
2023,2023-06-17,64,63,1
2023,2023-06-18,66,63,4
2023,2023-06-19,70,66,4
2023,2023-06-20,66,64,6
2023,2023-06-21,64,63,10
2023,2023-06-22,64,61,10
2023,2023-06-23,66,64,1
2023,2023-06-24,70,70,0
2023,2023-06-25,73,72,2
2023,2023-06-26,72,70,1
2023,2023-06-27,70,66,1
2023,2023-06-28,70,66,2
2023,2023-06-29,70,64,5
2023,2023-06-30,72,70,0
2023,2023-07-02,73,70,2
2023,2023-07-03,73,73,3
2023,2023-07-04,73,73,1
2023,2023-07-05,75,72,1
2023,2023-07-06,81,79,2
2023,2023-07-07,75,75,1
2023,2023-07-08,77,75,4
2023,2023-07-09,77,75,0
2023,2023-07-10,73,72,2
2023,2023-07-11,73,70,4
2023,2023-07-12,79,75,2
2023,2023-07-13,81,77,5
2023,2023-07-14,81,73,5
2023,2023-07-15,73,72,1
2023,2023-07-16,79,79,0
2023,2023-07-17,75,73,3
2023,2023-07-18,81,75,1
2023,2023-07-19,77,73,2
2023,2023-07-20,73,72,1
2023,2023-07-21,75,73,1
2023,2023-07-22,75,70,4
2023,2023-07-23,75,70,1
2023,2023-07-24,77,75,4
2023,2023-07-25,75,73,4
2023,2023-07-26,70,68,1
2023,2023-07-27,77,75,4
2023,2023-07-28,75,75,1
2023,2023-07-29,82,77,3
2023,2023-07-30,72,66,6
2023,2023-07-31,70,66,2
2023,2023-08-02,68,64,2
2023,2023-08-03,70,66,3
2023,2023-08-04,72,72,2
2023,2023-08-05,72,72,1
2023,2023-08-06,77,70,3
2023,2023-08-07,75,70,2
2023,2023-08-08,72,70,1
2023,2023-08-09,73,70,7
2023,2023-08-10,73,72,2
2023,2023-08-11,70,66,4
2023,2023-08-12,75,70,1
2023,2023-08-13,75,70,4
2023,2023-08-14,77,73,1
2023,2023-08-15,75,70,7
2023,2023-08-16,73,70,3
2023,2023-08-17,73,73,4
2023,2023-08-18,75,72,2
2023,2023-08-19,70,63,7
2023,2023-08-20,70,66,2
2023,2023-08-21,77,73,4
2023,2023-08-22,79,70,6
2023,2023-08-23,70,66,4
2023,2023-08-24,72,70,1
2023,2023-08-25,72,70,1
2023,2023-08-26,75,75,0
2023,2023-08-27,73,70,4
2023,2023-08-28,73,72,2
2023,2023-08-29,70,68,5
2023,2023-08-30,73,73,1
2023,2023-08-31,68,66,4
2023,2023-09-02,64,63,2
2023,2023-09-03,72,70,6
2023,2023-09-04,79,73,2
2023,2023-09-05,81,75,1
2023,2023-09-06,82,77,1
2023,2023-09-07,82,79,1
2023,2023-09-08,77,72,4
2023,2023-09-09,75,73,1
2023,2023-09-10,73,72,1
2023,2023-09-11,73,72,2
2023,2023-09-12,72,68,2
2023,2023-09-13,73,73,1
2023,2023-09-14,72,66,5
2023,2023-09-15,63,59,5
2023,2023-09-16,63,61,6
2023,2023-09-17,64,59,4
2023,2023-09-18,66,64,1
2023,2023-09-19,61,57,4
2023,2023-09-20,63,57,3
2023,2023-09-21,63,57,1
2023,2023-09-22,63,59,4
2023,2023-09-23,63,61,9
2023,2023-09-24,63,63,13
2023,2023-09-25,66,63,6
2023,2023-09-26,59,57,9
2023,2023-09-27,54,52,6
2023,2023-09-28,59,55,6
2023,2023-09-29,63,61,7
2023,2023-09-30,59,57,7
2024,2024-06-02,72,68,3
2024,2024-06-03,75,72,2
2024,2024-06-04,73,70,2
2024,2024-06-05,66,64,1
2024,2024-06-06,70,70,4
2024,2024-06-07,68,66,1
2024,2024-06-08,66,63,6
2024,2024-06-09,72,68,2
2024,2024-06-10,64,63,6
2024,2024-06-11,66,61,4
2024,2024-06-12,66,63,3
2024,2024-06-13,66,64,1
2024,2024-06-14,72,70,4
2024,2024-06-15,66,64,2
2024,2024-06-16,70,63,6
2024,2024-06-17,66,64,1
2024,2024-06-18,73,72,4
2024,2024-06-19,75,72,1
2024,2024-06-20,75,73,4
2024,2024-06-21,82,77,5
2024,2024-06-22,79,75,1
2024,2024-06-23,75,73,4
2024,2024-06-24,79,79,4
2024,2024-06-26,79,73,2
2024,2024-06-27,70,68,3
2024,2024-06-28,70,64,3
2024,2024-06-29,70,66,2
2024,2024-06-30,75,73,4
2024,2024-07-03,72,70,2
2024,2024-07-04,72,70,1
2024,2024-07-05,75,73,1
2024,2024-07-06,75,73,2
2024,2024-07-07,81,79,2
2024,2024-07-08,81,77,1
2024,2024-07-09,75,75,0
2024,2024-07-10,82,79,2
2024,2024-07-11,79,75,2
2024,2024-07-12,79,77,1
2024,2024-07-13,77,73,2
2024,2024-07-14,81,75,2
2024,2024-07-15,79,73,3
2024,2024-07-16,84,79,2
2024,2024-07-17,81,79,6
2024,2024-07-18,73,72,3
2024,2024-07-19,73,66,3
2024,2024-07-20,73,72,1
2024,2024-07-21,75,73,4
2024,2024-07-22,77,75,2
2024,2024-07-23,73,72,4
2024,2024-07-24,73,73,4
2024,2024-07-25,77,75,1
2024,2024-07-26,73,68,3
2024,2024-07-27,75,70,2
2024,2024-07-28,75,72,2
2024,2024-07-29,75,68,2
2024,2024-07-30,75,75,0
2024,2024-07-31,77,77,2
2024,2024-08-02,84,81,1
2024,2024-08-03,77,75,4
2024,2024-08-04,73,73,4
2024,2024-08-05,75,73,3
2024,2024-08-06,81,79,5
2024,2024-08-07,72,72,4
2024,2024-08-08,66,66,4
2024,2024-08-09,75,70,4
2024,2024-08-10,75,73,4
2024,2024-08-11,75,72,1
2024,2024-08-12,72,66,1
2024,2024-08-13,70,64,5
2024,2024-08-14,73,66,1
2024,2024-08-15,73,70,1
2024,2024-08-16,75,72,2
2024,2024-08-17,73,72,2
2024,2024-08-18,73,70,2
2024,2024-08-19,70,70,2
2024,2024-08-20,68,63,6
2024,2024-08-21,61,57,5
2024,2024-08-22,64,59,2
2024,2024-08-23,66,63,2
2024,2024-08-24,72,66,1
2024,2024-08-25,72,70,1
2024,2024-08-26,73,72,2
2024,2024-08-27,70,66,1
2024,2024-08-28,75,73,6
2024,2024-08-29,81,75,7
2024,2024-08-30,70,63,2
2024,2024-08-31,70,66,1
2024,2024-09-02,75,68,4
2024,2024-09-03,63,59,6
2024,2024-09-04,63,59,1
2024,2024-09-05,64,61,0
2024,2024-09-06,64,64,4
2024,2024-09-07,70,68,2
2024,2024-09-08,61,55,3
2024,2024-09-09,61,55,0
2024,2024-09-10,68,63,3
2024,2024-09-11,66,61,3
2024,2024-09-12,64,63,1
2024,2024-09-13,64,63,0
2024,2024-09-14,70,66,1
2024,2024-09-15,70,66,4
2024,2024-09-16,63,61,4
2024,2024-09-17,66,64,3
2024,2024-09-18,70,66,6
2024,2024-09-19,70,68,4
2024,2024-09-20,72,70,5
2024,2024-09-21,66,64,6
2024,2024-09-22,64,63,6
2024,2024-09-23,63,61,7
2024,2024-09-24,61,61,6
2024,2024-09-25,63,63,6
2024,2024-09-26,66,64,3
2024,2024-09-27,73,64,5
2024,2024-09-28,66,66,6
2024,2024-09-29,61,61,8
2024,2024-09-30,61,61,2
